transaction_id,user_id,stock_id,transaction_type,transaction_date,price,quantity,commission
69403085-a903-47e1-b4ff-1c479f87bf88,U000000011,LYFT,BUY,2025-03-28,25.15,54,6.79
d29a521a-1819-4743-8254-8baca13c12c9,U000000009,NVDA,BUY,2025-03-28,814.98,97,395.27
45f7a2fb-4602-47b3-80b7-f5dfdf4bb427,U000000006,AMD,SELL,2025-03-28,100.53,90,45.24
6d785aaa-38e4-446b-be25-4ea2afec6c9c,U000000012,TSLA,SELL,2025-03-28,782.59,85,332.6
81195b88-6753-45d8-9c87-c0150c83264e,U000000014,MSFT,BUY,2025-03-28,310.19,13,20.16
2c5ce2e6-40ac-4d07-b4a9-cab692841015,U000000020,NVDA,BUY,2025-03-28,772.65,74,285.88
b2b6b500-547b-4f2d-8360-42e56120e3b6,U000000010,AAPL,BUY,2025-03-28,149.04,57,42.48
5834d05d-fee4-4f5b-8e26-b89ece7cd408,U000000010,UBER,SELL,2025-03-28,44.95,95,21.35
eed64ef3-0e24-43bd-b109-adf665a08f44,U000000013,ADBE,BUY,2025-03-28,492.79,14,34.5
8e0db870-c330-406e-aa20-7accd18059a9,U000000029,ORCL,SELL,2025-03-28,90.9,32,14.54
3a93989d-8807-40ae-9987-2bd2241a8437,U000000016,META,SELL,2025-03-28,341.52,71,121.24
7723c9e9-f760-428b-8bd6-ac6d4b5ee2d7,U000000030,AMD,SELL,2025-03-28,101.79,8,4.07
4395de24-e8df-49a7-90da-28e2b1383ee3,U000000023,ORCL,BUY,2025-03-28,94.06,57,26.81
598ce988-d294-499a-be08-ecb425a17e44,U000000012,BABA,SELL,2025-03-31,215.83,39,42.09
0dd26b7d-d6c4-4e2a-af81-3e121174d4b2,U000000001,ORCL,BUY,2025-03-31,93.01,84,39.06
966a76dc-7985-406f-aef3-81b873bef438,U000000007,AAPL,SELL,2025-03-31,151.54,86,65.16
08af1fb8-0e61-4302-aa33-c4d6c5c9266f,U000000025,AAPL,BUY,2025-03-31,156.95,87,68.27
465ce987-4c75-46b7-b2ec-0d99c68b71ac,U000000005,INTC,SELL,2025-03-31,55.12,61,16.81
7e570503-43c9-49cd-99e0-716a81d77652,U000000025,ORCL,SELL,2025-03-31,89.45,54,24.15
7625f605-4196-4a23-acba-b90ccf7c4431,U000000019,AMD,BUY,2025-03-31,104.8,23,12.05
c82fa8f9-e487-49b8-92bc-2dd4c229d90e,U000000015,META,BUY,2025-03-31,338.06,79,133.53
11e0a717-1fa1-4eea-aece-b2b06414fe8b,U000000021,MSFT,BUY,2025-03-31,285.4,72,102.74
40cb57d0-eb89-47ca-bfc7-4994936c25ce,U000000001,AMZN,BUY,2025-03-31,3378.7,90,1520.41
96fa0996-f985-4914-af09-ca6fa5e7d83a,U000000023,AMD,SELL,2025-03-31,107.6,100,53.8
eb1d2ad7-1158-4877-81f5-31258bcea37d,U000000026,AMZN,BUY,2025-03-31,3321.38,68,1129.27
87f67704-cf56-48a0-a1be-c0ae3f19dc50,U000000016,NFLX,BUY,2025-03-31,522.77,7,18.3
e394215d-6e5c-4a34-b1bf-f9beb69f581e,U000000009,META,BUY,2025-03-31,333.53,14,23.35
874e3443-8c27-4541-b8f0-1a799f8a9e20,U000000002,IBM,BUY,2025-03-31,136.55,78,53.25
eb7f1319-a1bf-4074-8fd2-6ce0b5b44d23,U000000016,PYPL,BUY,2025-03-31,181.65,88,79.93
61b60cfe-ccec-42af-98af-0f74d2121781,U000000001,AAPL,BUY,2025-04-01,151.79,83,62.99
50ef6010-abc8-4e89-8d28-c775151fd655,U000000013,AMZN,BUY,2025-04-01,3288.47,79,1298.95
8085e4d9-de0b-41d1-8c90-144f0bc35aaf,U000000001,META,BUY,2025-04-01,344.77,83,143.08
c902f334-bf2b-4cd2-b92f-7cf7c9be0e1d,U000000029,NFLX,BUY,2025-04-01,483.15,73,176.35
6fb5d12c-38de-4b1c-a00f-22fc247c5181,U000000007,UBER,BUY,2025-04-01,43.4,31,6.73
4cdda839-913c-4a15-8a34-1dc279b32a87,U000000015,AAPL,BUY,2025-04-01,151.91,44,33.42
53a888d2-948a-4f7a-906b-17329c9568b7,U000000007,AAPL,BUY,2025-04-01,144.83,74,53.59
221a32bc-a765-4928-9e2c-27bb5d0b664b,U000000016,IBM,SELL,2025-04-01,139.88,20,13.99
cb5ffc28-609a-41fb-bc68-b60e20003d50,U000000030,AMD,BUY,2025-04-01,99.93,1,0.5
6ef44529-dd4c-4f30-9bee-8439645563b5,U000000009,UBER,BUY,2025-04-01,43.81,15,3.29
3cb6ec93-7a82-4707-8bb3-30c478ef628d,U000000005,IBM,SELL,2025-04-02,133.86,47,31.46
9c362528-4be2-4ba1-ab95-00b2aebf9945,U000000008,GOOG,SELL,2025-04-02,2911.89,90,1310.35
246dce2b-1852-4afd-992b-dedb06063e45,U000000013,META,BUY,2025-04-02,336.31,74,124.43
4784f62f-1ef1-4bd6-a934-9566684dd844,U000000025,AAPL,BUY,2025-04-02,149.19,65,48.49
3c6112e2-55a4-4554-8022-9125703c24a6,U000000018,SONY,SELL,2025-04-02,112.85,53,29.91
1382576d-49ab-4241-8a82-8b07020988fa,U000000015,ADBE,SELL,2025-04-02,534.89,32,85.58
b8e39422-ff8c-4bd0-b62f-c4ce3b8c377c,U000000029,UBER,SELL,2025-04-02,44.41,57,12.66
6d125598-ae17-4250-92e9-56b9f192351d,U000000006,SONY,SELL,2025-04-02,111.2,19,10.56
87e8424a-ebb0-49fc-9e44-b31285ad717e,U000000028,LYFT,BUY,2025-04-02,25.81,43,5.55
ca6e08c3-ce5b-4aba-ae15-858bf45ce843,U000000022,SONY,BUY,2025-04-02,112.51,41,23.06
71d6c31d-3240-404c-90d9-131c2bc13b41,U000000010,MSFT,SELL,2025-04-02,307.56,72,110.72
6ca7eb25-41aa-4e8f-b766-58e31020c22c,U000000028,MSFT,SELL,2025-04-02,311.82,13,20.27
0324681b-22d7-4549-9fdf-0eb4da2e15c2,U000000007,ADBE,BUY,2025-04-02,505.39,27,68.23
7d65dbf8-2e9d-43e6-8fe8-2a260da4df60,U000000015,ADBE,SELL,2025-04-02,514.67,55,141.53
81a8d308-df60-455a-bb8b-37c1af95a3bb,U000000029,LYFT,SELL,2025-04-03,23.83,69,8.22
f0a215bb-d634-4fff-bd66-1751e5b0f312,U000000030,AMD,SELL,2025-04-03,108.73,80,43.49
865de8e1-9faf-427c-a43c-e61a453cf7c6,U000000024,ORCL,BUY,2025-04-03,93.19,95,44.27
0860fd3c-64bb-4f0e-8b9d-74d9183c0ea6,U000000025,INTC,SELL,2025-04-03,57.27,13,3.72
44556614-ee55-493c-884f-69d4639b383b,U000000028,MSFT,SELL,2025-04-03,306.06,92,140.79
0a439053-2db8-4b32-a5c1-05f8b897c50a,U000000004,NFLX,BUY,2025-04-03,477.93,24,57.35
b7cdd9fc-c46d-4744-92d3-9f14d7018a18,U000000030,TSLA,BUY,2025-04-03,769.08,18,69.22
4dee5d1a-23bd-441b-8edd-c4201553178e,U000000020,INTC,SELL,2025-04-03,57.71,38,10.96
ba2c5195-4bf6-417e-9adf-6686480876b6,U000000001,SAP,SELL,2025-04-03,136.46,98,66.87
59a339ff-bd08-4be4-a780-f39ff180184f,U000000010,NVDA,SELL,2025-04-03,838.75,96,402.6
45e9aae5-2481-45e1-a8e5-cf8b8b2b9b1f,U000000029,DIS,BUY,2025-04-03,182.48,88,80.29
a1678c8a-2071-454d-9abc-1aaced6a5cd7,U000000013,AAPL,SELL,2025-04-03,157.95,36,28.43
cbecaa94-a68e-4a12-b806-44953ef53702,U000000006,INTC,SELL,2025-04-03,54.93,61,16.75
768f6e60-1746-4c7f-81f0-d9eb5e66e44d,U000000002,PYPL,SELL,2025-04-03,195.2,35,34.16
002381d8-5591-4707-8810-4e14f187d486,U000000012,MSFT,BUY,2025-04-04,297.44,70,104.1
56f58bca-0112-482f-ba68-5f284a67d7d9,U000000021,TSLA,SELL,2025-04-04,728.84,71,258.74
048f8dee-e908-4e35-9ebb-f26c34591fa4,U000000023,AMD,BUY,2025-04-04,103.85,33,17.14
78f18dca-6deb-4f7e-a1cc-fd0cedb38271,U000000013,META,SELL,2025-04-04,332.47,2,3.32
b354d103-0549-49fd-bb34-ad62f40e4ce8,U000000011,LYFT,SELL,2025-04-04,24.62,1,0.12
383dd376-605a-4655-a289-33d07cc3432f,U000000003,BABA,SELL,2025-04-04,225.37,59,66.48
dbd3d490-960c-437b-b1f6-c020b5c76a0a,U000000009,DIS,SELL,2025-04-04,177.82,53,47.12
fdc73d43-7888-412b-b94b-2977f0caaf6b,U000000029,META,SELL,2025-04-04,335.68,39,65.46
d0ea18f4-8688-49ba-bdf5-836b908fd801,U000000015,ORCL,SELL,2025-04-04,89.05,86,38.29
b956e789-8a04-4149-92f1-ae9cbdfdffa3,U000000022,AAPL,SELL,2025-04-04,157.68,12,9.46
f57325a8-a1ae-4809-ae3c-e490896f22d9,U000000016,SONY,SELL,2025-04-04,112.91,67,37.82
db1a2c11-ff9b-4616-9807-0d50ab16781d,U000000021,SAP,SELL,2025-04-04,124.98,13,8.12
a5570611-4208-4c09-a1b6-959bf2952e4b,U000000019,NFLX,SELL,2025-04-04,518.06,14,36.26
6bb4172e-5647-4837-82f2-4ab2190b4aea,U000000010,MSFT,SELL,2025-04-04,298.44,81,120.87
1f072c5e-8578-4cb6-8c59-2e8a9fc12ba2,U000000026,UBER,SELL,2025-04-04,46.04,97,22.33
58dd9212-bc2e-4a2a-97b2-c15ce57d6b0e,U000000023,INTC,BUY,2025-04-04,56.57,98,27.72
af28485f-2ac4-48af-aac4-85c62c78acf5,U000000002,ORCL,SELL,2025-04-04,85.57,47,20.11
2d2e8b18-e39a-4f26-8cee-be9b33190466,U000000018,PYPL,BUY,2025-04-04,194.74,2,1.95
ef8d34de-771b-4727-a441-71bd2af75775,U000000016,SAP,BUY,2025-04-04,134.84,66,44.5
a6d5da65-cc72-4a78-a2e7-00eb8988077a,U000000003,SONY,BUY,2025-04-04,116.06,52,30.18
2fe139d7-39d8-4f62-a6d7-bef746bdefda,U000000001,TSLA,SELL,2025-04-04,761.03,59,224.5
1caf3e71-0c19-4e37-86f9-30545e9b50d9,U000000002,SONY,SELL,2025-04-04,120.28,41,24.66
749abe33-5ff4-4241-b6c0-c94bafcc01f1,U000000012,UBER,SELL,2025-04-04,44.68,27,6.03
dd976608-a0e8-48d9-8695-6d2dcc186c39,U000000030,AMZN,BUY,2025-04-07,3233.41,67,1083.19
a2f25d08-0032-48bb-9100-02f0b8ee622c,U000000016,AMD,SELL,2025-04-07,104.2,6,3.13
495f4b71-dbf9-4d72-9428-de44d9b39c11,U000000024,NFLX,SELL,2025-04-07,488.93,98,239.58
ba4369ca-bd32-4cb7-9fda-b788ea1ebba8,U000000002,BABA,SELL,2025-04-07,230.88,60,69.26
bf72a957-7487-4df4-9076-ec2a277a129b,U000000027,GOOG,BUY,2025-04-07,2827.2,23,325.13
6f52e87e-01ee-45db-9480-93856c6412f6,U000000010,ADBE,BUY,2025-04-07,496.0,27,66.96
80ecca8e-f0b1-4de0-901b-e775d9104325,U000000014,TSLA,SELL,2025-04-07,726.35,6,21.79
1dc6a7ef-1fe6-4557-8763-137c6f6c34b9,U000000020,GOOG,BUY,2025-04-07,2798.37,46,643.63
f0fe20e0-72ff-4a70-9a4c-fd8ca38e718a,U000000028,META,SELL,2025-04-07,348.34,97,168.94
4c48c7eb-00eb-4f5a-bf99-85d3962cd0d6,U000000008,UBER,SELL,2025-04-07,46.66,96,22.4
192cfb02-57dc-4099-80ab-a9d73f3c3509,U000000010,AMD,SELL,2025-04-07,108.96,71,38.68
ed2fc63d-4583-4b0a-8db5-a158d3bb2c33,U000000002,ADBE,SELL,2025-04-07,531.51,89,236.52
f9567653-b169-4684-8ef6-36bcc262ca83,U000000022,DIS,SELL,2025-04-07,179.21,72,64.52
b5b79dd6-bcc1-4a7b-bc98-85ca5b637023,U000000015,UBER,BUY,2025-04-07,45.21,11,2.49
f44ee5c6-9a7b-40fb-b064-d56b79d047ff,U000000007,BABA,SELL,2025-04-07,210.94,12,12.66
6bee379e-9b01-462c-ad07-be8654524cb4,U000000004,IBM,BUY,2025-04-08,137.3,68,46.68
de148074-b3a1-4f8d-9ee6-5944bddf1615,U000000012,IBM,SELL,2025-04-08,142.51,88,62.7
3edc05fe-64c2-49a3-9f47-28bfb7f8f8f3,U000000025,SAP,BUY,2025-04-08,132.68,81,53.74
141541b7-abf5-4679-9739-0e5b31315a6a,U000000004,META,BUY,2025-04-08,337.51,66,111.38
1d837025-17bf-46ab-a37b-c20b189f2e74,U000000004,SAP,SELL,2025-04-08,130.1,49,31.87
a52a7d60-b46c-408b-8632-98408338d2ae,U000000020,DIS,BUY,2025-04-08,188.15,71,66.79
0cc8abb8-0eba-40a6-8c55-4127d761d960,U000000020,NFLX,BUY,2025-04-08,524.57,2,5.25
c0432c50-7004-4b79-ad03-884871e46b5b,U000000027,PYPL,BUY,2025-04-08,180.74,69,62.36
c0551985-0133-43a8-a828-5b61b2922def,U000000008,LYFT,SELL,2025-04-08,25.06,44,5.51
f424fcb1-ecc1-45c2-bc90-d9f5d0cb766c,U000000018,UBER,BUY,2025-04-08,45.6,95,21.66
3bd5fc03-c49d-4a9a-a37a-5805f4226546,U000000004,DIS,BUY,2025-04-08,175.14,11,9.63
2df566c4-bdda-40bf-a1f9-b65a767006be,U000000010,ADBE,SELL,2025-04-08,518.27,16,41.46
e47cf1a4-16a9-436c-af77-d8d829263cc9,U000000018,IBM,SELL,2025-04-08,135.03,87,58.74
e8d933f2-5f59-42a0-ac93-a169dfd77c80,U000000004,AAPL,SELL,2025-04-08,149.5,99,74.0
0334916d-cbd0-4b28-a6a2-59fd9287a9b3,U000000001,NFLX,BUY,2025-04-08,502.87,46,115.66
e3ebe6d7-a5fe-41e7-80c6-37956886849a,U000000008,ORCL,SELL,2025-04-08,89.09,10,4.45
e39237e0-561a-40a0-adaf-188fdb731fbd,U000000010,LYFT,SELL,2025-04-08,23.97,20,2.4
70272a6e-7fe5-4f3f-aed1-37c5a4e482da,U000000019,PYPL,SELL,2025-04-09,185.1,50,46.27
01987903-7a22-481b-addf-2a8f79b1675d,U000000012,UBER,BUY,2025-04-09,42.88,82,17.58
5a1e74e6-1afc-4cd1-a1f6-7513cd67f40c,U000000004,MSFT,SELL,2025-04-09,309.38,96,148.5
d7d31561-bbb2-4c4a-8eb0-f11ef146f1dd,U000000010,MSFT,SELL,2025-04-09,304.18,5,7.6
c0bd7c8e-d6e6-4a69-969f-c1153e087b2e,U000000014,DIS,SELL,2025-04-09,183.68,22,20.2
6b2fb178-6c51-4530-a4e0-59c4a544f8b6,U000000006,NFLX,SELL,2025-04-09,513.44,94,241.32
207e2038-c791-431d-a504-30e8f6c59dd8,U000000022,SONY,BUY,2025-04-09,120.2,1,0.6
e3b67273-e992-47cd-94a6-1a8ec57cb9c2,U000000008,NVDA,SELL,2025-04-09,823.07,88,362.15
406c9b83-f6cd-4b4c-bece-acc3e8ee20bd,U000000014,SONY,SELL,2025-04-09,117.48,12,7.05
866bdc47-dd13-484f-a0c6-e1cf85766431,U000000029,BABA,BUY,2025-04-09,221.24,9,9.96
377bbb29-0ef3-4d40-af35-b96c986b5972,U000000021,TSLA,SELL,2025-04-09,725.03,88,319.01
f749ac9f-78aa-458c-89b7-c02c9a827ece,U000000016,AMD,SELL,2025-04-09,104.53,72,37.63
f7a5cbde-920e-47ff-b859-37cf2ccc8aad,U000000007,SONY,SELL,2025-04-09,116.82,41,23.95
9fa7b866-fae7-4fec-88ab-44121e102640,U000000022,GOOG,BUY,2025-04-09,2662.29,56,745.44
75799dd2-50ce-458e-9e70-369fa2e1abad,U000000007,TSLA,SELL,2025-04-09,773.77,53,205.05
a0b537cc-374d-418a-84a5-33bb197d01eb,U000000013,AMZN,SELL,2025-04-09,3287.91,40,657.58
7f2bb6ab-3093-497c-8a64-326f835a3a3d,U000000023,UBER,BUY,2025-04-09,44.37,67,14.86
69a677dd-9625-48f2-b374-ad4d53032888,U000000009,TSLA,SELL,2025-04-09,769.7,48,184.73
9c447590-5fc1-403f-bea8-04866a37573c,U000000008,NVDA,BUY,2025-04-09,791.52,73,288.9
198422ef-8bda-44cd-974a-0fcb16146d65,U000000015,LYFT,BUY,2025-04-09,24.24,70,8.48
0e1540a3-31f3-498b-ac1e-2b8a61f629ce,U000000012,INTC,BUY,2025-04-09,55.64,91,25.32
16b6dd13-72c7-447f-9dc7-99e89b553675,U000000001,MSFT,BUY,2025-04-09,302.94,20,30.29
9d8e9d59-15f0-41ac-a656-891056b5b664,U000000009,AMZN,SELL,2025-04-09,3265.22,77,1257.11
9e8663df-b109-451d-8b5c-74b2ce10f035,U000000018,MSFT,BUY,2025-04-10,294.01,86,126.42
47ec7cb3-c3b6-4cc9-97b5-da4cfaacca5b,U000000010,LYFT,BUY,2025-04-10,23.89,85,10.15
33bb9738-cc82-46ca-8dab-95f632f26084,U000000001,SAP,BUY,2025-04-10,127.05,5,3.18
2016b9b8-6c8a-4613-b88b-c034dead9e93,U000000026,GOOG,SELL,2025-04-10,2752.46,23,316.53
93adbee7-697a-4a3e-a930-cff43d9cccc7,U000000004,DIS,SELL,2025-04-10,181.97,69,62.78
53773062-f121-43ad-9d60-b5925b7b3de3,U000000008,SAP,SELL,2025-04-10,132.95,48,31.91
ba9358ca-b220-4521-a3b8-45b7a527f0e9,U000000007,SONY,BUY,2025-04-10,117.45,11,6.46
89041e2e-1399-408a-b1d7-bb8ead0b2475,U000000030,SAP,BUY,2025-04-10,124.23,74,45.97
954a1bb3-37d5-407e-a607-712604e0e548,U000000001,META,BUY,2025-04-10,349.86,74,129.45
26019575-3d6e-4b1c-a8c5-cbe018509592,U000000007,ADBE,SELL,2025-04-10,492.75,73,179.85
4fcd396f-f2b3-41ac-94be-87c904b0d480,U000000024,AMD,BUY,2025-04-10,104.12,74,38.52
9d00eb46-ff4e-498d-ab35-083d02b3076b,U000000023,AMD,SELL,2025-04-10,102.03,14,7.14
a5a814a7-b2d6-4ea1-b929-986286b33249,U000000012,TSLA,BUY,2025-04-10,752.35,65,244.51
fca3a340-9418-4c58-9442-2786b6ef9e9b,U000000017,BABA,SELL,2025-04-10,211.85,94,99.57
a7c7b421-b091-4bb9-b7a6-f158a46556be,U000000001,META,BUY,2025-04-11,341.75,36,61.52
f990c3cd-3d7b-46d4-af56-66942607642a,U000000015,IBM,SELL,2025-04-11,139.35,15,10.45
33806fbe-ee45-47ff-8497-70a736804f50,U000000011,AMZN,SELL,2025-04-11,3270.37,31,506.91
f4df4af3-8168-4bb4-a09e-cf27062459d0,U000000013,AAPL,BUY,2025-04-11,155.25,15,11.64
f800dd95-4fca-4efe-9fb5-2011af1dc6bb,U000000028,SONY,SELL,2025-04-11,116.2,75,43.58
e0fa67d1-eaae-4fae-ae39-1e882ce42928,U000000017,NFLX,BUY,2025-04-11,517.47,41,106.08
1abb72dd-e9e8-43a1-ae30-54888b2542ee,U000000017,LYFT,BUY,2025-04-11,24.46,79,9.66
3f3128cb-5d30-449a-b1d9-f6d62dbd8dbd,U000000001,NFLX,BUY,2025-04-11,509.29,74,188.44
0d1feeec-7200-48e8-b9e4-738fc8e57675,U000000020,NVDA,BUY,2025-04-11,764.41,27,103.2
291b096d-2908-4a30-b48b-1abcf0c64aba,U000000013,DIS,BUY,2025-04-11,183.63,35,32.14
60e2ee8a-9bbb-45b7-8762-40a307b000d7,U000000025,MSFT,SELL,2025-04-11,308.2,25,38.52
6a8212e1-7a4f-4f51-8958-7ef9882e7bc9,U000000012,LYFT,BUY,2025-04-11,25.03,86,10.76
68b02519-1bd5-4e57-b881-7cf65217af92,U000000020,UBER,SELL,2025-04-11,43.06,31,6.67
82ab970d-777b-48d2-8a24-3ea80349a33c,U000000013,PYPL,BUY,2025-04-11,196.25,68,66.72
40d9eb73-f200-4534-adec-e3fc4d20ecfc,U000000012,TSLA,BUY,2025-04-11,774.57,40,154.91
36ef5fca-7fd4-42fd-8029-f019d7a1683d,U000000015,SONY,BUY,2025-04-11,120.34,78,46.93
974b4b15-e524-4a1f-8f74-a21b3c246c79,U000000009,INTC,SELL,2025-04-11,57.42,3,0.86
9e53b189-a312-4ecb-aab8-acb73f179fda,U000000011,INTC,BUY,2025-04-11,57.59,72,20.73
c60769fb-36ea-4243-beb0-2280191654ed,U000000001,AAPL,BUY,2025-04-11,156.68,93,72.86
e1f11fea-c921-4873-b24f-7c503ea8844b,U000000001,ADBE,BUY,2025-04-11,518.95,20,51.9
4da886ce-fde6-4869-93c3-88cb7dbba776,U000000014,ORCL,BUY,2025-04-14,94.1,100,47.05
7a3dfadb-38c1-4d9f-97d2-a58fead02719,U000000019,TSLA,SELL,2025-04-14,779.8,100,389.9
de7d5926-e3b9-486e-b8c3-ea84714c8862,U000000008,IBM,SELL,2025-04-14,143.98,43,30.96
c1d4920f-5b83-4afc-8b34-c05dcc7ba9a3,U000000027,INTC,BUY,2025-04-14,56.21,78,21.92
12ce6cb2-90f6-4355-a6b3-baaa847d9e82,U000000027,SAP,SELL,2025-04-14,126.15,33,20.81
66ddfe5b-3dac-499f-a957-2bc7212eb192,U000000006,MSFT,SELL,2025-04-14,296.2,35,51.84
e565efb4-5eb5-4efb-8618-9c3215713bce,U000000011,TSLA,SELL,2025-04-14,750.69,83,311.54
4c346359-2031-462c-9492-0564b85dc03e,U000000014,LYFT,BUY,2025-04-14,25.45,79,10.05
a4f658e2-e3f9-4d59-81e9-f204ba336340,U000000006,AAPL,SELL,2025-04-14,147.82,28,20.69
fe1b4a89-9682-4135-8aaa-c3b5400098ca,U000000020,ORCL,BUY,2025-04-14,94.01,79,37.13
f5cbdccb-a7ed-400e-9207-5e997b870d17,U000000005,PYPL,SELL,2025-04-14,193.17,86,83.06
b510c67d-02ac-4cd9-b6b9-30830a5206c8,U000000025,INTC,BUY,2025-04-14,56.45,90,25.4
2afbcbd8-f065-4283-877f-459c2b225522,U000000021,AMZN,SELL,2025-04-14,3476.9,13,226.0
72bd0a15-f7cd-464b-a328-ffb49df25f41,U000000007,IBM,BUY,2025-04-14,134.11,51,34.2
9ce3acbf-ed5d-422c-ac44-ad70685a96dd,U000000004,META,BUY,2025-04-14,335.16,65,108.93
dc7bd81b-048a-487d-9656-bc45fef91c80,U000000018,UBER,SELL,2025-04-14,43.78,7,1.53
d930540a-5abd-4f98-9fc1-c8a3f28ffe27,U000000026,TSLA,BUY,2025-04-14,718.74,84,301.87
a3d98fc3-21eb-4afb-a769-bc02e0ec8cb5,U000000022,IBM,SELL,2025-04-14,143.72,81,58.21
3029d3fb-44f5-4ab7-b5c7-6b9eb25062fd,U000000002,TSLA,BUY,2025-04-14,768.37,48,184.41
8b8940f0-0290-4902-b107-946efa16cef9,U000000018,AMD,BUY,2025-04-14,107.6,99,53.26
8f50d1a4-9a41-4dfc-9de7-efe202e3ca69,U000000024,META,SELL,2025-04-15,354.8,67,118.86
c0283b54-dbf0-4898-800f-7bb2ea901d17,U000000030,INTC,SELL,2025-04-15,57.13,100,28.57
9b0bbc2d-a4ce-4bf7-b5b6-d7dd778a0ad0,U000000024,NVDA,BUY,2025-04-15,790.98,19,75.14
cf46aafa-a471-482f-ac22-624043e900db,U000000005,AAPL,SELL,2025-04-15,149.38,97,72.45
39ee2865-e11b-42c8-92dd-bcbfb1f238c5,U000000007,ORCL,BUY,2025-04-15,87.18,55,23.97
37666cce-8e9e-454c-977a-7dc44c37c7a5,U000000026,AAPL,SELL,2025-04-15,151.54,100,75.77
19645574-6200-4ca6-a103-ba700abd9e97,U000000026,INTC,BUY,2025-04-15,54.16,19,5.15
aecd2c96-5209-4a34-8749-1584a6ef7b91,U000000030,LYFT,BUY,2025-04-15,26.23,15,1.97
bf10f859-c82c-4f6f-b1e1-ff2407b255e5,U000000008,META,SELL,2025-04-15,342.33,78,133.51
4e199b3a-a3b7-47e4-bae0-964c65c46e0d,U000000010,NVDA,SELL,2025-04-15,831.09,41,170.37
f6c03c03-11c4-44a6-bb23-cf0d5d53fb0f,U000000025,AAPL,SELL,2025-04-15,149.51,30,22.43
851b85f0-d891-4b46-9d7a-91dba493cf1e,U000000006,META,BUY,2025-04-15,327.26,59,96.54
75689bbf-481d-4efc-89f6-615781711744,U000000016,GOOG,SELL,2025-04-16,2932.87,20,293.29
2b60aebe-e9c2-469a-a9e8-8cfbb25da733,U000000006,SONY,SELL,2025-04-16,117.83,4,2.36
83854f18-3426-4a9e-b248-9505169ec73a,U000000001,AMD,BUY,2025-04-16,108.37,44,23.84
6f015a0b-01ed-4f0f-9e4d-872712d5115e,U000000030,META,SELL,2025-04-16,351.22,82,144.0
46169545-b43e-4121-8c9f-ad9659715ba2,U000000021,UBER,BUY,2025-04-16,45.4,77,17.48
bfd3e2ab-49d3-494d-946a-ea848f98825f,U000000016,INTC,SELL,2025-04-16,53.28,70,18.65
32f71000-556b-43ed-9a5b-915f879a1836,U000000028,SONY,SELL,2025-04-16,113.68,17,9.66
ff72dda8-718b-4a94-a458-400635c12580,U000000010,PYPL,BUY,2025-04-16,191.47,4,3.83
f5a8dfdb-db3d-45ae-b72c-ef5efac1b405,U000000018,AMD,BUY,2025-04-16,108.0,51,27.54
f90db6f5-cd86-486f-a6a9-95c9f51ac7eb,U000000005,BABA,SELL,2025-04-16,222.64,82,91.28
c8048e3e-8ea6-4b8b-8a6a-cf82a9297663,U000000022,ADBE,SELL,2025-04-17,518.74,68,176.37
3a70d13c-652d-44eb-ae5e-0aa3511c1899,U000000017,SONY,SELL,2025-04-17,119.44,65,38.82
cefeb5d8-8c44-406d-b2f0-14e2fda5ebaf,U000000010,AMZN,SELL,2025-04-17,3342.88,20,334.29
840b39a1-5778-4c15-b53a-88c456725641,U000000019,AMZN,BUY,2025-04-17,3341.96,3,50.13
a9a85bf7-809b-4138-84cf-a011581e4a29,U000000021,ORCL,BUY,2025-04-17,91.39,75,34.27
4281c76e-051d-4e0e-a348-240471addf39,U000000005,MSFT,BUY,2025-04-17,286.98,91,130.58
02e4f998-504a-4330-91cb-3ee894ea8d4b,U000000008,PYPL,SELL,2025-04-17,198.94,62,61.67
d10d6336-9a27-4750-bd2a-8a6c5f784a4e,U000000016,MSFT,BUY,2025-04-17,306.46,28,42.9
4e27e6e9-cc1e-4450-b086-b6470d02811c,U000000012,ADBE,BUY,2025-04-17,523.13,89,232.79
6d95751d-d50f-400a-94e0-e9eb78c8f305,U000000019,GOOG,BUY,2025-04-17,2700.68,70,945.24
2963b24f-be15-4194-bc4b-1882d8ff2a5a,U000000003,NVDA,SELL,2025-04-17,838.39,63,264.09
faf6f317-6947-42da-bac2-93aafef91700,U000000014,ORCL,BUY,2025-04-17,91.24,2,0.91
d310f82c-458b-48b4-925a-623190ff1990,U000000007,AAPL,BUY,2025-04-17,153.37,74,56.75
df65e4c4-8da6-4afe-8be3-b22d208d3433,U000000014,LYFT,BUY,2025-04-17,25.68,48,6.16
e2d7cb90-5740-492c-b9a5-7a790ca1790d,U000000014,MSFT,SELL,2025-04-17,287.16,11,15.79
0211057a-ae84-4835-8d0f-f107ec6091f1,U000000026,LYFT,BUY,2025-04-17,25.28,23,2.91
99501ddf-0acf-49ec-9630-0769f0725ae0,U000000027,META,BUY,2025-04-17,349.61,65,113.62
6a66b221-f6af-49e4-b345-48e1b7ec6852,U000000007,MSFT,BUY,2025-04-17,295.89,70,103.56
9acffbfa-f1d5-4640-841f-2e0ad99a92fc,U000000019,ORCL,BUY,2025-04-17,94.26,32,15.08
e54262f7-ddd0-4fc4-a735-93b4e826910c,U000000002,MSFT,BUY,2025-04-17,287.73,5,7.19
aed27afc-ab88-4f5d-acc8-4f1cee247ca5,U000000025,SONY,BUY,2025-04-17,114.22,96,54.83
818e0540-7060-438e-afef-52e0b27bc8bc,U000000018,ADBE,BUY,2025-04-17,507.35,74,187.72
8f470bf2-6a2a-4551-9638-67ade3e94e59,U000000024,ADBE,BUY,2025-04-17,488.74,84,205.27
e19290da-79da-4ef4-93a2-b7311b9d3d15,U000000001,AMZN,SELL,2025-04-17,3341.8,89,1487.1
81b8f6e8-b921-4576-8e27-a27051eb7d18,U000000019,BABA,SELL,2025-04-18,209.39,36,37.69
3f4a6936-65c6-4175-bc07-9ffc28d0efcb,U000000024,TSLA,BUY,2025-04-18,728.57,68,247.71
be949642-cc31-42f2-a513-39df1e91d04f,U000000016,SAP,BUY,2025-04-18,127.7,62,39.59
54d7b233-4835-4485-9cfa-e3b6cc84089c,U000000006,MSFT,BUY,2025-04-18,289.95,40,57.99
615f02ff-9a94-4995-9292-b5ff152237d5,U000000014,AMZN,SELL,2025-04-18,3362.29,6,100.87
84baf0b0-d002-45a0-93b1-e376a98c2e58,U000000023,AMZN,SELL,2025-04-18,3452.24,92,1588.03
72876cc0-1b49-4c17-9157-05c0c6176645,U000000010,AMZN,SELL,2025-04-18,3392.78,37,627.66
6bf45abb-68fe-4eef-bf00-5931d7f451f1,U000000015,ORCL,SELL,2025-04-18,94.46,63,29.75
b75fa433-16a9-45c7-8ae6-2a01810f5ad2,U000000014,LYFT,BUY,2025-04-18,25.19,72,9.07
8153910a-8901-444d-ae67-8de0fe673e4a,U000000030,SAP,BUY,2025-04-18,126.93,19,12.06
0083e789-0739-405d-a5bb-46c19a477b6c,U000000011,LYFT,SELL,2025-04-18,25.04,31,3.88
b87b7bc9-2e5d-4532-812f-2ad8606be6a5,U000000019,DIS,BUY,2025-04-18,187.98,33,31.02
8ab2d8e9-2450-4992-843f-c2d670dc84f1,U000000004,SONY,BUY,2025-04-21,112.63,74,41.67
dc0e9b3f-9945-4777-afce-d04265a86fed,U000000008,NFLX,SELL,2025-04-21,505.45,19,48.02
0e134e52-4608-4f30-82a4-390875fdd9c9,U000000027,TSLA,BUY,2025-04-21,781.45,23,89.87
9d4646fb-bbbe-4b05-86d3-e3f24faf5e7c,U000000015,IBM,SELL,2025-04-21,142.96,91,65.05
2339d7e7-63e3-4472-996b-e7b1f545976b,U000000001,NVDA,SELL,2025-04-21,786.52,51,200.56
af2f178a-52df-4970-9eca-603cdd92266b,U000000018,UBER,SELL,2025-04-21,46.06,90,20.73
6c6afc2e-dafd-4199-bdbf-1806d1f29ddb,U000000026,NVDA,SELL,2025-04-21,781.93,82,320.59
a263f104-321f-4f8d-a453-4b30f31d7a86,U000000022,SAP,BUY,2025-04-21,134.3,37,24.85
cf260ca9-4cf4-492c-bf11-20a640a6ba28,U000000030,INTC,BUY,2025-04-21,55.49,14,3.88
918a0203-b88a-4824-a231-cc839dd47efa,U000000001,INTC,SELL,2025-04-21,52.7,60,15.81
cce33a43-a6e8-4875-afac-a3b7a8481637,U000000025,BABA,BUY,2025-04-21,219.75,59,64.83
4c01dc03-7590-41f3-abb1-f4a3d695d6cc,U000000022,AMZN,BUY,2025-04-21,3298.46,93,1533.78
1c8b303f-2c5b-4c96-ad00-5bd27eb157af,U000000003,AMD,SELL,2025-04-22,105.33,62,32.65
0a77cd2d-8063-4ddf-b61d-ebca415e5f7b,U000000016,NVDA,BUY,2025-04-22,813.29,20,81.33
0a9c4303-0014-4a1a-baa2-3cfec410486b,U000000010,AAPL,SELL,2025-04-22,152.38,21,16.0
bc3090e6-7665-44fa-800a-c0544280e32e,U000000005,GOOG,BUY,2025-04-22,2911.69,25,363.96
b3da441d-8f16-4661-8f94-270c37455ef0,U000000009,LYFT,BUY,2025-04-22,25.94,52,6.74
cf9018f3-33d7-4567-aa87-929434ce15eb,U000000014,BABA,SELL,2025-04-22,218.62,44,48.1
d79a8be5-e568-4f37-ad94-e52b2fe0e780,U000000016,UBER,SELL,2025-04-22,44.4,72,15.98
00dab961-7b43-49f6-a176-4f35a709cbc8,U000000008,AMD,BUY,2025-04-22,101.21,19,9.61
a9e3d199-a791-4daa-9d52-57c41ec274f7,U000000025,SONY,BUY,2025-04-22,118.84,38,22.58
25678701-9690-4a92-8f62-99263af4b463,U000000008,BABA,BUY,2025-04-22,214.63,24,25.76
adc1295a-c0eb-4d71-97bd-412cf688b8cc,U000000001,NVDA,SELL,2025-04-22,783.15,6,23.49
6f2ae3b1-c2a5-4632-b8ea-d0ba70c0782e,U000000010,UBER,SELL,2025-04-22,44.47,66,14.68
4c1c27f6-74ba-46b9-9d30-abc7c100942f,U000000006,META,BUY,2025-04-22,344.47,69,118.84
76dfa321-2dd1-4ed1-87eb-4d99617c76fa,U000000015,ADBE,BUY,2025-04-22,526.9,45,118.55
19a4617c-99c1-424b-bf97-f167102c2a56,U000000006,SONY,BUY,2025-04-22,117.01,7,4.1
6390c1f5-02ae-446e-92a5-081e2d0df921,U000000010,BABA,SELL,2025-04-22,225.21,37,41.66
967d009a-814d-4cbf-870e-e3b220cc406b,U000000005,GOOG,SELL,2025-04-22,2935.0,60,880.5
659cca7d-5c95-4ebb-9369-6a49ef231786,U000000025,DIS,SELL,2025-04-22,181.5,60,54.45
b4f45646-2b8a-4a91-be38-cc5c28c3b164,U000000003,INTC,SELL,2025-04-22,53.99,97,26.19
991222dd-5adc-43f3-937d-97ca9c4b5faf,U000000008,ORCL,BUY,2025-04-22,91.91,84,38.6
2d6f5692-9a8d-46b9-ad45-2a8873b5aa19,U000000012,PYPL,BUY,2025-04-22,196.02,44,43.12
b4055624-e0ff-4ee3-8489-754bc2a56e31,U000000006,AMD,BUY,2025-04-22,109.21,23,12.56
14198fb6-8281-4472-bd03-73b39ea7c713,U000000018,ADBE,BUY,2025-04-22,493.29,52,128.26
dc731c4e-528d-4acf-bf36-a9c5c1d7a9c1,U000000018,MSFT,SELL,2025-04-23,288.66,5,7.22
9827d8d7-b6d5-42bc-829c-db117a1300ee,U000000014,GOOG,SELL,2025-04-23,2932.87,34,498.59
e767217a-bd67-4880-85de-320dcb35349e,U000000001,ADBE,BUY,2025-04-23,510.09,98,249.94
6f1b41d4-369d-45ae-b433-b2322daf0d00,U000000017,SAP,SELL,2025-04-23,127.37,86,54.77
11d66383-72af-4b66-9b17-ec03ec7a476c,U000000015,DIS,BUY,2025-04-23,177.59,64,56.83
5b5981c1-5070-49df-9520-36afcba6fe30,U000000015,LYFT,BUY,2025-04-23,24.7,59,7.29
b08d72f0-5a94-4e42-a74a-d454033b60a3,U000000002,SAP,BUY,2025-04-23,125.11,25,15.64
9360a4ce-a372-44d0-b7b3-080f77bb1210,U000000003,LYFT,SELL,2025-04-23,25.54,19,2.43
facdf9c9-a527-41c5-bd6a-df70eca99532,U000000008,PYPL,SELL,2025-04-23,192.09,77,73.95
400c94c1-18a1-46bc-8d96-819ae0405ca2,U000000018,PYPL,BUY,2025-04-23,198.1,92,91.13
4dd3cbd1-8870-4615-984a-c6aaf4762d3d,U000000027,MSFT,SELL,2025-04-23,285.02,43,61.28
cf97342e-6b59-4b18-b187-75c49c60cf0e,U000000010,TSLA,BUY,2025-04-23,730.58,68,248.4
22037ecd-7d60-46a1-86d7-a9591213efd9,U000000028,AMD,BUY,2025-04-23,109.2,68,37.13
fb3df62c-bf60-424e-9e3b-592601585cc9,U000000026,ORCL,BUY,2025-04-24,92.36,39,18.01
bfdd1a85-1b86-4f52-b8d1-09291492fb0f,U000000009,MSFT,BUY,2025-04-24,306.09,27,41.32
c39c5f25-cadd-46a9-8806-a6a060c6cfee,U000000015,SONY,BUY,2025-04-24,116.36,58,33.74
80611c49-5dbf-459d-99fe-4ca7ba035777,U000000015,AAPL,SELL,2025-04-24,156.37,64,50.04
e866b55a-ba99-4c85-ba52-10c1a0ec9b76,U000000017,PYPL,BUY,2025-04-24,182.81,81,74.04
aeb964de-135c-4aef-8af7-27e43336bbb4,U000000002,INTC,SELL,2025-04-24,53.09,69,18.32
c50c8f81-1a9c-488c-9564-93c5b3c91efd,U000000012,SAP,BUY,2025-04-24,127.57,68,43.37
f167e41c-7e08-47f9-a7a1-0083b0917fc9,U000000005,GOOG,BUY,2025-04-24,2851.58,14,199.61
a8732ba4-af02-406a-8118-c71b4548abc9,U000000006,ORCL,BUY,2025-04-24,86.25,94,40.54
28f65948-ef79-4209-a5e0-4d2a9e8ee443,U000000028,IBM,SELL,2025-04-24,144.13,3,2.16
0cd9ec52-8df0-43cd-95b2-61973c128b2d,U000000024,META,SELL,2025-04-24,351.73,80,140.69
bfed79b4-e3ac-4f71-a807-3ab18b9948ef,U000000015,AMD,SELL,2025-04-24,104.54,18,9.41
0749ae9e-cb20-482e-b066-60b69647f933,U000000011,SAP,BUY,2025-04-24,129.77,27,17.52
c237c8e1-ae6c-41ee-b768-0646563e7dca,U000000003,AAPL,BUY,2025-04-24,145.18,76,55.17
873c116e-e0e1-461f-aa48-668a140e8f64,U000000021,LYFT,BUY,2025-04-24,23.96,85,10.18
6e9dd4f0-98e7-4b66-a31c-7580382ca5e0,U000000005,TSLA,SELL,2025-04-24,733.88,66,242.18
9f85231d-096f-4153-89c0-f732017f0252,U000000028,INTC,SELL,2025-04-24,57.29,33,9.45
ab5ca93f-a93c-4eeb-9bab-3c670a126882,U000000004,AAPL,SELL,2025-04-24,144.79,42,30.41
6c978440-f55e-497d-a097-304e0dd589dc,U000000017,LYFT,SELL,2025-04-24,25.31,79,10.0
495f79e8-cbd4-4d1c-995e-610841e80caf,U000000012,NFLX,BUY,2025-04-24,478.88,31,74.23
d44c2b8b-97af-4cc5-8646-ffddba5eb410,U000000014,ADBE,SELL,2025-04-24,516.53,71,183.37
67305b08-c98f-4c68-b45c-50cd2cc0500e,U000000005,META,SELL,2025-04-24,342.56,76,130.17
09da5020-65c0-4869-830d-508fd1ae1ecd,U000000027,TSLA,SELL,2025-04-24,729.78,84,306.51
391ac210-2b90-498b-9cf3-79ddf1c73309,U000000028,BABA,SELL,2025-04-24,230.22,74,85.18
49b66348-57a5-4304-a0de-a639439555cd,U000000020,UBER,BUY,2025-04-24,45.67,33,7.54
c8fc697c-5fb1-4c4c-b749-ecc44aaa677a,U000000019,AMD,BUY,2025-04-25,107.64,41,22.07
b122ac7d-2c90-47fa-a6c5-4b269f8072b7,U000000008,SONY,BUY,2025-04-25,119.49,41,24.5
2caf0367-1c28-4a2b-b5ec-d4729c664639,U000000029,LYFT,SELL,2025-04-25,26.17,41,5.36
2946e727-d144-4683-94a3-9cbfdfd3fdd6,U000000027,MSFT,BUY,2025-04-25,300.87,30,45.13
5aa2d4cb-ef7a-4156-93f7-17aec986c6dd,U000000007,MSFT,BUY,2025-04-25,292.18,9,13.15
8daf3057-fbfc-4f3b-a318-8a4baee0117a,U000000020,INTC,BUY,2025-04-25,55.48,4,1.11
43fa2539-547e-4c21-9259-e14457466579,U000000027,ADBE,BUY,2025-04-25,501.26,17,42.61
0ac8c510-d1e1-4176-9182-1c55a2396f17,U000000025,NFLX,SELL,2025-04-25,517.04,2,5.17
c225451c-a8c9-4676-a3a9-303e8418afdf,U000000010,DIS,SELL,2025-04-25,173.64,19,16.5
8a2bc895-0dcd-4c94-b5f6-6da75c29ca34,U000000026,LYFT,BUY,2025-04-25,24.84,13,1.61
3fb356b7-a8de-43ba-8fa0-d3fe87336271,U000000003,LYFT,BUY,2025-04-28,25.39,70,8.89
e1c91d67-3aff-4e6f-a433-78db5327c4f2,U000000016,SONY,SELL,2025-04-28,115.1,71,40.86
eb835fce-d05c-40a4-8b1d-6eb4717a02b8,U000000021,INTC,BUY,2025-04-28,57.42,8,2.3
036dc47e-67fa-44a1-aab4-99163c664750,U000000016,META,SELL,2025-04-28,326.43,27,44.07
f87827a8-6d1e-49ca-84d6-4dfdbcad096a,U000000025,AAPL,SELL,2025-04-28,149.56,57,42.62
2307cbd4-94db-41dc-bfa7-aa74dd0c420a,U000000002,IBM,BUY,2025-04-28,141.11,58,40.92
4ac3b661-487f-4f3f-a8f5-51584c27d9d4,U000000009,DIS,BUY,2025-04-28,174.06,18,15.67
63aa226b-fcd4-4517-94ad-992c218245a8,U000000009,DIS,SELL,2025-04-28,175.16,84,73.57
a4daeb8b-7a86-4c9d-af19-f6f381f34a47,U000000006,NFLX,BUY,2025-04-28,522.9,61,159.48
0b924598-f369-4b0d-9a3c-eec03cb0f17a,U000000018,UBER,BUY,2025-04-28,44.67,6,1.34
3939bf4c-1c95-4e97-acb8-3fba992dc7e4,U000000028,PYPL,SELL,2025-04-28,181.78,1,0.91
d2a10a56-1bbc-4275-9e11-195a70f516c6,U000000028,AMD,SELL,2025-04-28,108.73,25,13.59
ba84c832-e743-4b5e-84d3-e60a2dfead91,U000000016,NVDA,SELL,2025-04-28,767.43,42,161.16
942f0fcc-99f4-4740-8613-dfb0bc621bf9,U000000018,GOOG,SELL,2025-04-28,2763.85,77,1064.08
7de83159-ef9e-4922-85f4-ca54ab427428,U000000007,UBER,SELL,2025-04-28,46.61,32,7.46
fe5e70b2-e146-4266-9efd-828aa2d21999,U000000029,AAPL,SELL,2025-04-29,155.42,55,42.74
b7e52e15-20a1-4028-b2a2-fb038affbf97,U000000013,ADBE,BUY,2025-04-29,521.34,43,112.09
2d7e0a0c-941e-48a1-9384-e620b392d3c7,U000000007,UBER,SELL,2025-04-29,43.39,26,5.64
7fd1ce2c-6754-4c70-9203-9b4eb398bcf0,U000000011,UBER,SELL,2025-04-29,46.14,68,15.69
0f698521-b045-4b4f-9a9c-984da4ac689b,U000000029,MSFT,BUY,2025-04-29,313.04,99,154.95
4c145f10-be04-452b-aa36-059c23067909,U000000016,LYFT,BUY,2025-04-29,25.7,100,12.85
bdea85a0-4b80-41f8-93c3-f4677755eb41,U000000018,UBER,SELL,2025-04-29,43.6,55,11.99
2a58471a-0fc9-4d43-9659-2d88e3d31f87,U000000028,DIS,SELL,2025-04-29,177.04,41,36.29
d883e912-261e-4588-915b-5213f626d6b0,U000000014,PYPL,BUY,2025-04-29,197.49,16,15.8
e6c1700f-bc18-4232-b08f-91934b5a653c,U000000019,AMZN,BUY,2025-04-29,3518.76,13,228.72
9eb0b25e-2cd6-4287-a382-46137f615e44,U000000004,GOOG,SELL,2025-04-29,2888.79,64,924.41
092d7842-3126-4cce-b63f-31e7bd80d102,U000000025,AAPL,SELL,2025-04-29,153.8,99,76.13
0f12cb68-d16b-4fe9-b4d1-d43c6dfbdd1b,U000000028,TSLA,BUY,2025-04-29,742.72,11,40.85
636b32a7-bce4-46dd-8fbc-f2603c6cf8d2,U000000002,MSFT,SELL,2025-04-29,314.73,99,155.79
f99629ae-88f8-4797-9540-f77ba3a67947,U000000016,PYPL,SELL,2025-04-29,188.98,66,62.36
c9312aa3-bf2b-4f94-9adf-7b440d756e10,U000000022,BABA,BUY,2025-04-29,230.78,55,63.46
8298b791-614a-4d4e-9105-fda742fc9a22,U000000027,ADBE,SELL,2025-04-29,491.97,2,4.92
fce4955d-aab5-483c-bcc2-75b92742c328,U000000012,LYFT,SELL,2025-04-29,26.18,95,12.44
3cb047e0-d244-4910-ba48-888390318353,U000000006,UBER,BUY,2025-04-29,45.96,10,2.3
f325c0ec-0b8e-47f0-b2e5-ef0fd353678d,U000000010,BABA,SELL,2025-04-29,228.7,44,50.31
a706fc83-7406-4c81-9a2d-2eef4fc7b43d,U000000001,GOOG,SELL,2025-04-29,2859.82,51,729.25
7a6463e0-4bba-48e7-b13d-d190d46f801f,U000000018,BABA,BUY,2025-04-29,225.72,22,24.83
14cc3f71-6023-4de7-b67d-f5a4dd13ef33,U000000024,SAP,BUY,2025-04-29,130.06,63,40.97
76e0756b-bb1c-4559-b3bf-1b468ff9d53b,U000000024,SONY,BUY,2025-04-29,119.58,81,48.43
90d684f9-3300-4f23-b6ef-ebbc414fed40,U000000002,SAP,BUY,2025-04-29,124.38,28,17.41
8906701b-9401-4ca8-a4dd-1138ba2fc4cc,U000000029,UBER,BUY,2025-04-30,43.93,68,14.94
2b9277ea-fc6b-43b3-9656-0d52016b328d,U000000005,META,SELL,2025-04-30,332.61,73,121.4
1a1bcad2-25dc-43b5-8112-c213d0fa2e19,U000000028,ADBE,SELL,2025-04-30,529.57,15,39.72
c5c1a83a-fa00-45f4-aa0a-ad01645a1515,U000000013,GOOG,SELL,2025-04-30,2778.67,45,625.2
c02b4c78-c12b-4a31-9e78-7ae827f85963,U000000008,NVDA,SELL,2025-04-30,779.49,34,132.51
3217d774-5fda-4bdd-b08c-db9e71c6b45c,U000000003,AMD,SELL,2025-04-30,103.25,89,45.95
24b6f056-b0bb-477b-ab08-b8c04e33cf00,U000000025,TSLA,SELL,2025-04-30,762.5,63,240.19
b636831a-5c10-4cf7-bd17-82b6ada816db,U000000021,BABA,SELL,2025-04-30,209.39,42,43.97
5023b837-288d-453e-974d-a3d99d133a29,U000000027,UBER,SELL,2025-04-30,45.26,56,12.67
1b753f79-9f18-479f-97ce-e7a216fc0a7c,U000000029,AMD,BUY,2025-04-30,105.56,63,33.25
787e7225-b3aa-4a03-a76b-30850616a01e,U000000021,BABA,BUY,2025-04-30,222.51,46,51.18
5ffaea64-4078-47af-a17a-410946bc2f13,U000000012,PYPL,SELL,2025-04-30,198.12,61,60.43
aa93342e-9f6d-4884-9c92-b430854113c4,U000000017,GOOG,BUY,2025-04-30,2739.03,89,1218.87
159a0830-3012-467c-a2b7-364ecea77ef8,U000000022,NVDA,SELL,2025-04-30,833.3,49,204.16
2d57fbbb-7920-42fd-bd65-42a118e0bf8c,U000000024,SONY,BUY,2025-04-30,113.64,34,19.32
7a92b538-c667-4a59-adc3-b84eac5c349b,U000000015,MSFT,SELL,2025-04-30,303.53,57,86.51
067a91d6-dc8b-48a7-ae5d-93ebb2581dec,U000000030,AMZN,SELL,2025-04-30,3433.59,15,257.52
10a3d59b-d740-4538-bb6d-f6a0df80c8b3,U000000030,PYPL,SELL,2025-04-30,190.77,53,50.55
58bd1797-3a30-4929-b43f-b21c88dcb9f4,U000000003,ORCL,BUY,2025-04-30,88.06,75,33.02
14ee5cde-565c-4fc9-9b26-878bcd9cef62,U000000022,MSFT,SELL,2025-04-30,311.19,40,62.24
f4d809eb-777c-41f6-93c6-9f23af497f51,U000000019,ORCL,BUY,2025-04-30,86.34,45,19.43
85565ebb-dbce-4c38-be35-fb61dd9b8a4b,U000000003,SAP,SELL,2025-04-30,128.32,29,18.61
0df5c50f-e015-461d-804b-b992954a0c3b,U000000016,PYPL,BUY,2025-04-30,188.42,32,30.15
6087f5e4-adaf-474b-8440-3090ff8e0909,U000000005,BABA,BUY,2025-04-30,218.1,69,75.24
2fb2db37-3cbc-49bb-8be2-d230f983cc0f,U000000030,AMZN,SELL,2025-04-30,3325.14,89,1479.69
f3004c6d-b32a-4fc6-9343-4ea1c4fe695f,U000000027,AMD,SELL,2025-05-01,101.18,67,33.9
d40dcc66-795b-4c92-94d9-c8a3d5bd8f8f,U000000030,INTC,SELL,2025-05-01,54.09,74,20.01
3171f41f-efd5-4a97-8f7a-ae8498e5deda,U000000014,SAP,BUY,2025-05-01,129.17,32,20.67
fd68f7d7-7a78-4057-8735-14083f377a4a,U000000027,NVDA,BUY,2025-05-01,822.62,56,230.33
2c8c4f11-dd88-4a2f-9d9b-03823a0608b8,U000000024,SONY,SELL,2025-05-01,110.42,82,45.27
70d9f729-69c8-47a7-9ed4-acd3ee9844bf,U000000011,AAPL,BUY,2025-05-01,143.4,11,7.89
e98a460d-6f9a-455e-baba-feae60122c9a,U000000007,TSLA,BUY,2025-05-01,746.71,40,149.34
4de7af6e-c839-491f-bb6b-202894461415,U000000022,SAP,BUY,2025-05-01,131.94,26,17.15
b04b3dca-2752-4117-8a21-92efc8edebf2,U000000018,BABA,BUY,2025-05-01,209.52,5,5.24
30aa55cf-e80d-4d0c-86c0-9f845604a304,U000000019,ADBE,SELL,2025-05-01,503.02,71,178.57
5e2ee63d-c31d-44f2-9aea-86ff77cdc83d,U000000028,TSLA,BUY,2025-05-01,712.77,62,220.96
93af9a5c-012a-4695-9d40-194ce58ec1ea,U000000011,MSFT,BUY,2025-05-01,313.83,25,39.23
d2e6812b-c76e-49a7-8dfc-43245d660035,U000000028,IBM,BUY,2025-05-02,139.74,5,3.49
9e7b762e-8085-4d92-86a2-296c8c333617,U000000014,UBER,BUY,2025-05-02,45.03,58,13.06
f7b3aa5b-07cd-4ac1-87ff-ce283ecabb6a,U000000026,ADBE,SELL,2025-05-02,529.24,31,82.03
b1e0a728-f621-4e2e-bd01-a50671c9d3d6,U000000010,TSLA,SELL,2025-05-02,777.65,44,171.08
f1437220-8d47-4cb3-8127-15626f396459,U000000002,META,SELL,2025-05-02,344.42,60,103.33
09cd392e-835b-49ce-a39b-fc4e0c7b82da,U000000026,MSFT,BUY,2025-05-02,292.02,7,10.22
c82c6458-99da-4c07-bda1-35212377f1b6,U000000029,ADBE,BUY,2025-05-02,523.36,5,13.08
ed54b9da-e1d1-4d45-b62f-2493386a81cb,U000000018,TSLA,SELL,2025-05-02,780.29,87,339.43
30cc8cb8-50a8-41c2-98c6-cd703bff6615,U000000005,IBM,SELL,2025-05-02,144.23,32,23.08
291e53fa-0a09-4432-aafe-653130bcd510,U000000023,BABA,SELL,2025-05-02,229.17,100,114.59
757d59f8-f331-49e2-a4f2-9ccd1878627c,U000000026,GOOG,SELL,2025-05-02,2791.07,85,1186.2
b150612b-2fc3-4a6d-a7eb-d2aa60c7415c,U000000018,NVDA,BUY,2025-05-02,787.39,31,122.05
92578c07-3f80-4fd8-a5a4-09e0108f27be,U000000022,NFLX,BUY,2025-05-02,500.3,13,32.52
e77ffa27-7918-4aed-a04f-8c2a1820623a,U000000013,AMZN,BUY,2025-05-02,3268.96,40,653.79
20e5fdc0-d301-4d64-87a5-d3fdc2743fc6,U000000028,ORCL,BUY,2025-05-02,88.04,83,36.54
b58badd1-51c6-474e-b7c8-6f2a690a282b,U000000021,INTC,SELL,2025-05-02,55.26,50,13.81
a2205918-a7fd-4c49-ab4c-47aa72622e79,U000000030,BABA,BUY,2025-05-02,224.4,9,10.1
e1811bdf-1f69-4e0f-a4e4-c163d4cc9823,U000000002,TSLA,SELL,2025-05-02,783.38,62,242.85
185b251b-f423-4509-b2d3-f53d015c3617,U000000029,LYFT,SELL,2025-05-05,25.65,34,4.36
17fca18e-0d08-415d-bd45-36699cb06336,U000000005,UBER,SELL,2025-05-05,46.33,85,19.69
1e334606-9d5e-4e20-8261-d957a8385208,U000000004,NVDA,SELL,2025-05-05,807.7,67,270.58
320e6f74-9af2-49bd-b021-84a1e7303cd4,U000000014,LYFT,SELL,2025-05-05,23.94,95,11.37
c9b50d90-ebc3-4a72-bd40-69c3eda129ea,U000000020,ADBE,BUY,2025-05-05,532.63,66,175.77
75feae45-b30f-4c5b-9523-08ea247eaadd,U000000005,ADBE,SELL,2025-05-05,503.42,41,103.2
798b0a88-e65d-460c-b242-01fd6bd23dbe,U000000030,PYPL,SELL,2025-05-05,185.02,71,65.68
954c27a7-929c-46c9-b837-ed9fc5434c7f,U000000009,DIS,BUY,2025-05-05,176.37,17,14.99
144a7112-d51b-46d6-ace1-4513d04988b3,U000000018,META,BUY,2025-05-05,323.08,53,85.62
e63b8383-5325-434d-89e9-e18ccd9484a7,U000000008,ADBE,BUY,2025-05-05,507.42,16,40.59
a2ba9d00-7976-43a6-b9d3-272db8dd4eb4,U000000029,NFLX,BUY,2025-05-05,515.38,54,139.15
b256906e-7443-4247-8467-c2bb05cc7f97,U000000017,PYPL,BUY,2025-05-06,180.54,76,68.61
b7e5a6f7-c04e-4a60-b5b5-5040a08984da,U000000024,IBM,BUY,2025-05-06,136.56,14,9.56
fa427805-6f36-40b2-90ce-2e106aa7b20d,U000000016,INTC,BUY,2025-05-06,57.3,63,18.05
0f6c7c72-f618-44b0-9778-539acf46cf77,U000000009,AAPL,SELL,2025-05-06,151.52,81,61.37
2296417c-6136-44f0-82dd-115d449411ae,U000000024,PYPL,SELL,2025-05-06,196.44,44,43.22
36b0ede3-d181-4d5c-9639-02868415d6e8,U000000002,UBER,SELL,2025-05-06,43.6,64,13.95
2de74c51-a59f-4ecf-bf54-547a13f50dae,U000000017,ORCL,SELL,2025-05-06,86.68,37,16.04
5a01c7dc-a0fe-438a-aefa-b075df00ac66,U000000005,ADBE,BUY,2025-05-06,522.41,57,148.89
d250330e-fe3a-46f8-aece-683a12ad1a31,U000000011,UBER,BUY,2025-05-06,44.47,30,6.67
ab34df96-fd6c-4fb5-a129-46ed9f65c989,U000000004,SONY,SELL,2025-05-06,111.33,14,7.79
fc19e682-7a88-46aa-b688-23a3e2e7b782,U000000009,NFLX,SELL,2025-05-06,523.25,33,86.34
2685d891-1178-462f-91aa-5bf39d25c4c7,U000000020,BABA,BUY,2025-05-06,214.84,20,21.48
4b68210c-7562-4e3f-9222-329fb152c584,U000000003,MSFT,BUY,2025-05-06,292.69,10,14.63
d1227697-a994-46a0-95cc-8a918f0a76c9,U000000005,DIS,BUY,2025-05-06,186.39,64,59.64
0e2be371-9795-445b-8617-41281791677c,U000000027,AMZN,SELL,2025-05-06,3353.66,33,553.35
4d9dcca8-bbdd-4398-ab4b-9d9e785b1822,U000000003,UBER,BUY,2025-05-07,46.65,5,1.17
1cd2eb29-0d76-46fc-9a08-a348f7919c56,U000000010,PYPL,SELL,2025-05-07,184.89,92,85.05
46de0329-4b33-4416-9bf9-cdc28ee4a889,U000000013,INTC,BUY,2025-05-07,52.28,96,25.09
321bf47f-8998-47a8-9a9c-bbdd8f0daf50,U000000015,TSLA,SELL,2025-05-07,727.95,41,149.23
bd7fcda7-87c8-4028-8abe-13525608c8be,U000000018,PYPL,SELL,2025-05-07,198.4,29,28.77
56e1c0f9-4a95-4552-ba02-7267f09cd659,U000000013,ADBE,BUY,2025-05-07,511.45,16,40.92
dd4fe941-f313-46dc-940c-611a89d4cc4a,U000000026,UBER,SELL,2025-05-07,43.64,19,4.15
51fad78b-87d9-4f88-ba9d-c5a6897ded71,U000000013,UBER,BUY,2025-05-07,45.64,81,18.48
f9799734-4ec9-4b4a-91f6-c613be384f8e,U000000015,GOOG,SELL,2025-05-07,2895.39,45,651.46
b2a350ae-d2e2-4887-9eaf-bcbc0364f1a3,U000000020,INTC,SELL,2025-05-07,57.11,23,6.57
12396269-134e-41f6-a36e-c092352c81cf,U000000029,IBM,BUY,2025-05-08,135.24,73,49.36
220bb743-d1f4-40a0-b870-53a5eda0ce64,U000000024,SONY,SELL,2025-05-08,120.32,24,14.44
6d5f34e6-82b7-4839-bf51-00d55c667e05,U000000020,PYPL,BUY,2025-05-08,188.02,32,30.08
b4350739-7a56-4210-afb5-8a09217b9296,U000000014,MSFT,SELL,2025-05-08,305.38,62,94.67
6c95f08c-ce9b-41c2-849d-7b8746442035,U000000021,SONY,SELL,2025-05-08,110.84,20,11.08
841b8d07-b739-480a-9582-bb2e9367f77c,U000000004,INTC,BUY,2025-05-08,56.73,90,25.53
c0f85179-f08b-4020-a2cb-026b3a38592b,U000000007,IBM,BUY,2025-05-08,141.24,18,12.71
4d782ce6-01a0-452b-b241-3b2dc9fc4448,U000000027,SAP,BUY,2025-05-08,133.57,67,44.75
1aeba2a9-8939-4eb0-ba87-6a21efb9dae8,U000000017,ADBE,SELL,2025-05-08,530.65,9,23.88
698d4c89-83ba-4cb1-a86c-51fd9155da50,U000000018,AMZN,BUY,2025-05-08,3456.14,35,604.82
d4e29c69-2d34-4526-9cd7-fd49442ef03a,U000000030,AMD,BUY,2025-05-08,101.59,56,28.45
8717c7a7-71ca-4719-9596-cdf55a570e62,U000000007,AMD,BUY,2025-05-08,106.09,58,30.77
9db58e98-75f6-4ab9-a44a-d46da317c357,U000000009,BABA,SELL,2025-05-08,215.02,87,93.53
812c4f7a-5f7a-4d53-9d3c-dbc25539459a,U000000015,AMD,BUY,2025-05-08,101.02,27,13.64
1d0e39bd-3d6c-4fef-a005-3f5c2b5cb4b3,U000000022,SAP,BUY,2025-05-08,135.05,62,41.87
23d157b1-e910-462d-8361-2307e11e0f0f,U000000013,AAPL,SELL,2025-05-08,145.62,67,48.78
d9d726bc-070f-4c8a-80ff-b15de503f247,U000000014,AMD,BUY,2025-05-08,106.13,74,39.27
958d63b5-601a-4aff-89c8-8cef46c86eb9,U000000003,INTC,BUY,2025-05-08,54.86,11,3.02
503a2ae4-88a0-4a41-b156-d5a3470f5d24,U000000022,SAP,SELL,2025-05-08,136.32,13,8.86
3a333068-6819-4f54-a67d-015c684451b1,U000000004,BABA,SELL,2025-05-08,215.18,90,96.83
d5f661e6-2f6f-4d9d-b779-4989b0ba61de,U000000001,META,SELL,2025-05-08,355.23,54,95.91
4dd883a8-c35a-43e3-94ba-7b918b0e840d,U000000027,AAPL,SELL,2025-05-08,145.95,31,22.62
6caee545-8fe9-4833-89aa-3cd34ebbdc93,U000000023,AAPL,SELL,2025-05-09,156.76,20,15.68
eb96f404-598b-42d6-a004-1c1b3d314276,U000000015,NVDA,SELL,2025-05-09,765.43,42,160.74
676dc760-5676-4809-b6eb-d3833ad77c4d,U000000017,ORCL,BUY,2025-05-09,89.17,2,0.89
c9394581-0497-471a-814b-d8597bdea69e,U000000004,SONY,BUY,2025-05-09,118.85,59,35.06
e0c10754-6248-47f8-80d3-1405d557765f,U000000016,MSFT,BUY,2025-05-09,300.24,87,130.6
7047be9d-f643-48aa-bb20-1e6d5185ea8a,U000000008,NFLX,SELL,2025-05-09,481.99,88,212.08
04bf67b7-e9d4-48eb-a788-ba97be056ba2,U000000003,NVDA,BUY,2025-05-09,779.81,63,245.64
61d8019c-9a6c-417e-8e97-7bdb76fb63f1,U000000020,INTC,BUY,2025-05-09,52.31,1,0.26
0f0497d0-57ae-41f6-abc8-8bd2f4f3e8ab,U000000009,IBM,BUY,2025-05-09,136.2,91,61.97
027cb92d-6ac2-4746-9a8c-d98b231a0f0e,U000000018,IBM,BUY,2025-05-09,134.72,56,37.72
1d4e6afb-384c-477e-9cca-679b3e6e8974,U000000027,PYPL,SELL,2025-05-09,190.83,6,5.72
d94cff88-2334-4bb5-a830-9c640a1fc246,U000000029,PYPL,SELL,2025-05-09,191.45,80,76.58
e9bd78d8-ede9-4897-8eb9-365f519ab0dc,U000000006,ORCL,BUY,2025-05-09,93.26,63,29.38
1755cd48-a088-41b9-853f-c9e2595845b3,U000000018,SAP,BUY,2025-05-09,132.9,8,5.32
81561cbc-27db-45df-9045-fd42a87033b5,U000000008,NFLX,SELL,2025-05-09,524.14,56,146.76
4f4b7f35-755d-48d1-8a77-ffbcfc412c86,U000000028,MSFT,SELL,2025-05-09,305.11,1,1.53
2578bdf6-b5c2-45de-8896-d225e2e9e05c,U000000029,NFLX,SELL,2025-05-09,521.41,39,101.67
bd59671c-df99-4915-aed6-aa035296ee21,U000000004,MSFT,BUY,2025-05-09,291.71,75,109.39
995a8bbc-0845-41ee-a531-d3eb6a617c7c,U000000005,PYPL,SELL,2025-05-09,193.91,23,22.3
db0885a9-eeb0-477c-a9ac-c9450e05c803,U000000006,TSLA,BUY,2025-05-09,768.36,44,169.04
6f7b8bce-163b-4f36-8f28-48b793fa7594,U000000002,AMZN,SELL,2025-05-09,3531.68,46,812.29
9a19bdba-ddcc-4ce5-bb3a-5058cce56ed9,U000000015,ADBE,SELL,2025-05-09,520.17,55,143.05
af31c47d-f943-4ae4-a00a-7f488bb6a78b,U000000011,AMD,BUY,2025-05-09,101.86,3,1.53
048e6a76-0aa3-4820-8a32-ad07b58797d4,U000000008,ADBE,SELL,2025-05-09,496.23,27,66.99
6044f8d8-89a2-41f6-adb3-4649b35a7068,U000000022,UBER,SELL,2025-05-12,45.19,80,18.08
929b8439-4a7e-4563-929b-eb28a55167cf,U000000009,ORCL,BUY,2025-05-12,91.21,45,20.52
d600aae9-5215-44c1-8497-50854cfe4a23,U000000009,META,SELL,2025-05-12,351.6,77,135.37
a0fcc7c7-c1ad-4678-9b9b-962a82ca8476,U000000029,MSFT,BUY,2025-05-12,294.88,42,61.92
28f39f59-cbc2-4196-b1cf-065871c4a37a,U000000001,PYPL,SELL,2025-05-12,184.56,88,81.21
17ed115c-a804-45c8-a3b1-42f8a4684f54,U000000001,MSFT,SELL,2025-05-12,311.83,97,151.24
15b1e6e8-a558-4dfc-bffa-84efdf7e49ac,U000000017,AMD,SELL,2025-05-12,107.72,19,10.23
ca407619-1377-4aa7-a0bf-87e91ce200e2,U000000015,INTC,BUY,2025-05-12,55.85,47,13.12
a7133430-e4e6-4d0f-a068-34510a8ec327,U000000017,SAP,SELL,2025-05-12,134.14,10,6.71
028d9c36-2c33-4d5e-a9b8-eb5cf8197e9d,U000000028,MSFT,SELL,2025-05-12,285.64,93,132.82
704b7af9-f945-46be-95ec-b66852fb43a4,U000000018,AMD,BUY,2025-05-12,102.18,36,18.39
42d2efa4-3a0b-482f-aa14-6054c4475421,U000000002,AAPL,SELL,2025-05-12,151.75,100,75.88
7827446c-b758-4b07-98a7-c7ddb3e0b016,U000000030,NFLX,SELL,2025-05-12,520.2,8,20.81
69bb69b6-5fde-4ee5-9d9f-b35319b7537e,U000000006,NFLX,SELL,2025-05-12,495.36,11,27.24
e4482d7e-7352-4c72-bb89-4e07cc74c048,U000000012,GOOG,BUY,2025-05-12,2795.14,3,41.93
71977154-f640-4c5e-a7f9-78f20a765330,U000000009,AMD,BUY,2025-05-12,100.69,35,17.62
170537c1-64db-4d2e-8a3f-c003a419eb6d,U000000029,AAPL,SELL,2025-05-12,157.05,100,78.53
a9f316ac-a4ad-4443-af69-4fa2d021fa58,U000000014,IBM,BUY,2025-05-12,143.05,68,48.64
f87ccf53-47c3-452b-978a-0c46cc70c534,U000000004,DIS,BUY,2025-05-12,187.73,15,14.08
f65e92d0-d6fb-4f21-81de-426f2fe067ce,U000000022,AMZN,SELL,2025-05-12,3281.26,43,705.47
ebb4b348-4d69-4995-81c5-1ae5776a23a1,U000000013,UBER,BUY,2025-05-12,44.31,89,19.72
c6bb48d1-d4d2-48de-84bf-ba6cf059f424,U000000009,AMD,BUY,2025-05-12,103.44,28,14.48
cfe1a208-addd-46ff-a06b-cfaa842e0ddd,U000000023,AAPL,SELL,2025-05-12,157.88,19,15.0
d14dfdcc-c6f1-4db6-961b-0db38d7a9aa3,U000000005,MSFT,SELL,2025-05-13,306.46,42,64.36
8e957354-5fe0-4eba-83f0-5dc5141721de,U000000029,AMD,BUY,2025-05-13,100.01,70,35.0
7cb033ab-cebd-4678-a8d0-d78926232760,U000000013,MSFT,BUY,2025-05-13,287.47,32,46.0
ec1d2d55-9423-4d0c-9364-8d2ce39c6c6f,U000000008,TSLA,SELL,2025-05-13,763.7,82,313.12
037c2ce4-bed3-4096-9f01-19ca96985672,U000000025,AMZN,SELL,2025-05-13,3474.63,87,1511.46
6a6eeae4-4b18-4335-8856-66a4fa1c9856,U000000029,NFLX,SELL,2025-05-13,478.94,21,50.29
3b9c6ce6-af94-45ca-9faf-dec75af27c7c,U000000027,LYFT,BUY,2025-05-13,24.65,4,0.49
da3156d4-4eba-4e37-a8d1-1d75a1effe54,U000000022,DIS,SELL,2025-05-13,180.63,83,74.96
b6da0911-e3c0-480a-8318-b9602934f355,U000000020,MSFT,SELL,2025-05-13,293.79,2,2.94
f5a24851-0265-471e-80dd-f58b99d31c60,U000000016,INTC,SELL,2025-05-13,56.26,13,3.66
6ec4c0f7-83eb-41ed-a3b9-bb8178296b86,U000000021,PYPL,SELL,2025-05-13,182.22,12,10.93
f9f11b39-1f4c-48c2-a7e8-c8c9a551126f,U000000007,NVDA,BUY,2025-05-13,784.46,18,70.6
32ad9a76-b949-44d2-9230-9dc819cc0d69,U000000009,SAP,BUY,2025-05-13,132.91,40,26.58
d858047e-c468-4d83-b6f4-e2669e503fe2,U000000001,NVDA,SELL,2025-05-13,803.47,63,253.09
b9809172-ac1b-4f52-bca8-3bd39928b84b,U000000003,INTC,BUY,2025-05-13,55.88,68,19.0
5c08f718-3331-4e42-a028-0036640e4c3d,U000000001,ORCL,SELL,2025-05-13,89.34,63,28.14
a29a7f2b-d710-46bf-8ba9-38f8a7062549,U000000011,NFLX,SELL,2025-05-13,477.01,28,66.78
63b66ea7-7fc6-4b75-aa32-c9b6587fccd8,U000000017,NVDA,SELL,2025-05-13,836.96,83,347.34
87bb9fe3-54fe-4b9e-b4d9-b8f21a133188,U000000011,TSLA,BUY,2025-05-13,758.72,90,341.42
5fd9c0ce-c874-48c0-8af5-8dcf840a3a3d,U000000006,AAPL,SELL,2025-05-13,157.15,14,11.0
71d3c4ae-fa88-4dc0-a6ce-9869d63a7801,U000000011,AMZN,SELL,2025-05-13,3358.0,57,957.03
9f9a7b8d-3814-4726-8aeb-27061774dc45,U000000010,NVDA,BUY,2025-05-13,837.96,81,339.37
c2cf83b2-690b-4a44-a696-6bc11411c2a3,U000000012,NVDA,BUY,2025-05-14,764.25,17,64.96
c519ee2c-d980-47d7-a11a-0e543410d54f,U000000004,AAPL,SELL,2025-05-14,157.79,86,67.85
5b6957b1-8f81-482f-8f98-2d4571c15e4d,U000000030,NVDA,SELL,2025-05-14,811.12,84,340.67
2797a701-d064-467a-8122-3f2bcf132fc2,U000000012,AAPL,BUY,2025-05-14,144.51,83,59.97
2b85c9fe-5d8e-406d-848e-512cb1f8fbac,U000000001,MSFT,SELL,2025-05-14,295.24,17,25.1
5f8dfad0-17c5-406c-a950-0f9ebba79ab8,U000000013,IBM,SELL,2025-05-14,144.57,19,13.73
3148a115-0153-4c00-8ba1-be6590aee9b2,U000000024,INTC,BUY,2025-05-14,54.47,93,25.33
833c97b3-1176-4f9b-820c-412d70012fd1,U000000006,TSLA,BUY,2025-05-14,736.82,96,353.67
8fd78fe9-4e4d-4ef9-bf3a-36baf6a5f08e,U000000016,MSFT,SELL,2025-05-14,308.83,65,100.37
a2438044-a7f7-4d55-bec8-3a10deb544fa,U000000014,AAPL,SELL,2025-05-14,155.78,71,55.3
98094c1e-1db7-4671-a3a9-8627a9d94b9d,U000000009,PYPL,BUY,2025-05-14,181.33,62,56.21
2db2055e-9612-4a9f-a4e2-8e559dc7b6f5,U000000022,PYPL,BUY,2025-05-14,198.29,35,34.7
0f44c775-16ae-4903-9c70-3277dbc63568,U000000018,ORCL,BUY,2025-05-14,92.56,24,11.11
4a953be7-8cd8-4f18-9346-0bc93d139d6d,U000000002,LYFT,SELL,2025-05-14,25.37,70,8.88
665fb9c0-1459-4371-9d98-f36f9178a219,U000000028,AAPL,SELL,2025-05-14,145.46,82,59.64
dd4c9b1b-6c6f-41ba-acbc-44a88bfb00b6,U000000015,MSFT,SELL,2025-05-14,310.68,63,97.86
9a2068f9-61b3-4b0d-8209-d3453d4e5c6d,U000000007,GOOG,SELL,2025-05-14,2670.01,17,226.95
23d8f232-a190-49e7-b5fa-318fb4a8cebc,U000000020,ADBE,SELL,2025-05-14,525.18,8,21.01
da355351-5a5b-4324-ac4f-3edaf9e0c8c1,U000000004,SAP,SELL,2025-05-15,126.06,92,57.99
e0d009a0-5291-4918-827a-d1692a4e5e5b,U000000003,LYFT,BUY,2025-05-15,24.37,23,2.8
2052f931-468f-462e-8e6a-466beb92e62d,U000000009,SAP,BUY,2025-05-15,133.89,24,16.07
46cb790d-7060-4c77-a688-2e9ee7423e0a,U000000013,BABA,SELL,2025-05-15,230.1,34,39.12
d8c7a51a-c507-45ef-a165-c1e424524e6f,U000000001,LYFT,BUY,2025-05-15,24.9,41,5.1
fd187e51-3c49-4db5-aee4-b7834fdef1d4,U000000008,ORCL,BUY,2025-05-15,85.77,33,14.15
6bb6f5d9-db76-47a8-b3e7-8cdc0c521f18,U000000027,IBM,SELL,2025-05-15,135.66,25,16.96
b2d948c5-28dd-4729-acae-5d646a188fd0,U000000023,SONY,BUY,2025-05-15,116.39,44,25.61
40697430-d582-4c47-ad27-3a15b56dd342,U000000004,BABA,BUY,2025-05-15,214.87,16,17.19
9dc6ffb0-5f7a-4440-8c74-330c76f56c54,U000000019,GOOG,SELL,2025-05-15,2818.27,83,1169.58
1dc2c55a-4472-4df6-8656-d9da95982eb8,U000000014,AMZN,SELL,2025-05-15,3327.0,8,133.08
5305dc0e-1388-40f9-9a72-c9735e461d78,U000000014,NFLX,BUY,2025-05-16,502.88,84,211.21
68b6111d-5f01-43e7-ac02-7e0b22f070d4,U000000019,SAP,BUY,2025-05-16,133.78,44,29.43
a6008fe0-2266-4f77-8bc7-e1f81ffec9f6,U000000002,ORCL,BUY,2025-05-16,90.5,54,24.44
15b8295c-fe94-452b-871e-e2458fff64f1,U000000005,MSFT,SELL,2025-05-16,302.36,68,102.8
69e6a3b4-3238-413d-9448-91e17a49b65c,U000000020,NFLX,BUY,2025-05-16,510.86,51,130.27
02d1ad7b-f852-491c-a624-7d98fb96d9ef,U000000007,SAP,SELL,2025-05-16,124.75,42,26.2
f8f78462-7fdf-42f8-829d-83fa54eea78c,U000000024,SONY,BUY,2025-05-16,116.54,10,5.83
9511a8f1-7874-479d-8263-9a9a4ecb38a1,U000000018,DIS,BUY,2025-05-16,180.76,74,66.88
3305b390-c145-4eb0-b547-41c92cb5b968,U000000027,DIS,BUY,2025-05-16,176.76,15,13.26
bb648795-b5ed-4794-891e-cd434cbad13c,U000000006,NVDA,BUY,2025-05-16,810.91,47,190.56
3ae1b91b-a6ac-495b-b05d-a743e9e85954,U000000021,ORCL,BUY,2025-05-16,93.86,11,5.16
2f72d0ae-b8a1-48c4-8559-e07c414dc049,U000000002,GOOG,SELL,2025-05-16,2918.51,52,758.81
65e99491-55a0-4b52-a8be-d6972ba46732,U000000010,TSLA,BUY,2025-05-16,780.94,24,93.71
4a430439-4ad4-428a-935d-7a4a2f273c72,U000000003,PYPL,SELL,2025-05-16,199.1,36,35.84
58b5765c-2b77-4b99-af67-accdd6503556,U000000026,ADBE,BUY,2025-05-16,509.56,57,145.22
eae07d14-7a31-4e9e-a585-38a15d681c8e,U000000021,AMZN,SELL,2025-05-19,3369.0,6,101.07
b8f3341c-5569-438d-878d-e7025efd6fb4,U000000010,PYPL,BUY,2025-05-19,184.57,65,59.99
d5f937bb-16dd-43f9-bb3e-102043f33891,U000000025,BABA,SELL,2025-05-19,224.28,96,107.65
17b47f02-a471-455d-ab7c-bba5850b6cfc,U000000007,SAP,BUY,2025-05-19,123.59,29,17.92
b1a910f1-5741-4690-86a2-66f836088be2,U000000014,SONY,BUY,2025-05-19,114.72,9,5.16
12e563ec-0bfa-43a3-b56e-afb2477c9788,U000000011,IBM,SELL,2025-05-19,145.1,9,6.53
a108d185-8721-4040-b14f-4eef0838dcee,U000000019,BABA,BUY,2025-05-19,217.91,64,69.73
0fa0a941-3b0f-487f-ba1f-532fc5dc2ad7,U000000005,ADBE,BUY,2025-05-19,531.04,10,26.55
bde02bbb-d95c-467d-b470-667c2cbbf20c,U000000001,DIS,SELL,2025-05-19,187.05,53,49.57
bdf94d0e-1db9-4446-812a-58b93d09884c,U000000020,TSLA,BUY,2025-05-19,753.48,66,248.65
5d341b02-a596-42db-8e7e-be4e09268c2f,U000000008,GOOG,BUY,2025-05-19,2818.33,52,732.77
28509206-3766-4647-a18d-16968ff86051,U000000020,MSFT,SELL,2025-05-20,301.29,33,49.71
fb366ad8-dd5b-40a1-a629-c5e6705bb91f,U000000020,SONY,SELL,2025-05-20,115.69,38,21.98
e2dd03bf-9571-46e3-8e40-b03aac807afb,U000000018,NVDA,SELL,2025-05-20,773.69,93,359.77
1cba563c-b860-486b-aff3-2f78358ea596,U000000010,LYFT,SELL,2025-05-20,25.12,13,1.63
daad82ab-517e-4176-97a4-2f9e2cfca32e,U000000017,ORCL,BUY,2025-05-20,94.31,87,41.02
a377a555-f724-4f54-a49b-8141c15141d0,U000000024,ORCL,BUY,2025-05-20,90.62,86,38.97
6563f8a9-7f9c-4868-ac19-65c8140467d9,U000000001,SAP,BUY,2025-05-20,132.5,2,1.32
4b4a0f49-217a-4f11-9580-6f8895d88243,U000000002,SAP,BUY,2025-05-20,133.37,13,8.67
e2d84440-3deb-4f60-96cb-a409a1cf1c56,U000000005,TSLA,BUY,2025-05-20,769.76,75,288.66
aef537a0-b2c9-4b81-8465-ae35f463ebe0,U000000018,PYPL,BUY,2025-05-20,191.14,67,64.03
0465c9d8-df19-4975-b8e2-58ab3fbad1d3,U000000015,LYFT,SELL,2025-05-20,24.95,90,11.23
c4b66d52-1c0d-42cf-bb3e-212dfb2bc6f9,U000000015,AMD,BUY,2025-05-20,109.36,67,36.64
4098a7fd-6ffa-4125-b0ae-6054159b1b47,U000000026,META,SELL,2025-05-20,323.68,21,33.99
f4250a7c-6857-43d5-93eb-f9f11a521ff0,U000000006,INTC,BUY,2025-05-20,54.79,22,6.03
f8f86648-bc94-42c2-9fb5-47e817053fa6,U000000005,NFLX,SELL,2025-05-20,486.74,13,31.64
4c37aac3-cfe4-4e20-9245-32046ee49335,U000000029,AMD,SELL,2025-05-20,106.19,75,39.82
c81c26e8-dbb8-4f4f-b1ab-4fa4dfad6d4d,U000000001,IBM,BUY,2025-05-20,144.43,78,56.33
ae6bc3d3-a36e-4e82-986d-cfae286e5336,U000000015,LYFT,SELL,2025-05-20,25.26,56,7.07
dfdbf7f1-f578-4f09-94a9-0e954e732f99,U000000021,META,SELL,2025-05-20,353.21,53,93.6
62fdbbc1-78de-41b2-963a-e12a6128f7ce,U000000008,SAP,SELL,2025-05-20,126.02,79,49.78
fc10027b-0531-4f14-824a-b3a9862909cd,U000000018,META,BUY,2025-05-20,339.93,96,163.17
2a9b47d2-8420-45da-b8b0-c0859073630e,U000000004,ORCL,SELL,2025-05-20,89.56,65,29.11
e369eaa4-9f30-4698-a48f-626f99477580,U000000023,ADBE,SELL,2025-05-20,497.3,69,171.57
7c0d17db-ca27-4e54-9ffa-43a23fc0772e,U000000029,ADBE,BUY,2025-05-21,510.97,75,191.61
476721bf-4492-471b-b839-ec24c7dea21a,U000000025,META,BUY,2025-05-21,323.46,95,153.64
9f41e64e-c897-4cd5-aeec-56a4a82b8549,U000000015,NVDA,BUY,2025-05-21,763.53,17,64.9
600dc94d-4495-4345-be5f-0facb6198370,U000000027,SONY,SELL,2025-05-21,110.49,55,30.38
3c7a3bd2-720c-413e-92f1-5ddae4e553ae,U000000004,AAPL,BUY,2025-05-21,150.56,65,48.93
b67329a1-19d1-48f2-854f-9332670a0896,U000000020,UBER,BUY,2025-05-21,45.17,52,11.74
2cc60a29-95b6-4373-9c2a-38702e2ad780,U000000024,NFLX,BUY,2025-05-21,523.97,77,201.73
f6bd4581-f650-470e-a4fa-7ef087c23a1d,U000000029,ADBE,BUY,2025-05-21,512.86,17,43.59
3200c1a7-20e6-47df-a087-0e8bd6ebc35f,U000000003,DIS,SELL,2025-05-21,184.16,41,37.75
cb5a7e78-6e13-4c8a-8bc1-450b8cabfd91,U000000019,TSLA,SELL,2025-05-21,713.0,95,338.68
da5150df-4f04-427f-9426-826c1de4f77f,U000000001,ORCL,BUY,2025-05-22,89.22,54,24.09
6d20ecb0-6642-499f-9be5-4c8ff7735828,U000000022,LYFT,SELL,2025-05-22,24.5,31,3.8
df633430-7f19-49b7-9daa-30b480ce99cc,U000000023,LYFT,SELL,2025-05-22,24.09,84,10.12
7d88ef32-9886-475d-8ec2-95cc33faa0bb,U000000020,UBER,SELL,2025-05-22,44.32,8,1.77
a74d3f7e-d9d1-4376-8e32-a299859533c3,U000000010,GOOG,SELL,2025-05-22,2900.94,71,1029.83
4ec23d47-bf5b-4e04-a800-5173064c3b7f,U000000026,NVDA,SELL,2025-05-22,776.85,48,186.44
d062529c-c8d8-4c74-98ad-8e48ba7b4df9,U000000011,TSLA,SELL,2025-05-22,754.13,95,358.21
fa802d8b-6c98-4ff3-aa29-992169889a6e,U000000003,NVDA,BUY,2025-05-22,809.56,7,28.33
c05d5a47-5611-4529-bec5-e632aea3db50,U000000002,NFLX,BUY,2025-05-22,481.63,75,180.61
04152d95-c959-43df-b988-bd0082466409,U000000016,AAPL,SELL,2025-05-22,150.84,10,7.54
e6baa675-a2c8-4759-86d5-7f7139a4ead1,U000000013,SAP,SELL,2025-05-22,126.99,77,48.89
e306a533-ce86-43e3-bfe9-2188807c08a2,U000000010,GOOG,BUY,2025-05-22,2681.53,98,1313.95
ee90c66c-6848-4985-a23e-5b3384607020,U000000022,AAPL,SELL,2025-05-22,150.07,90,67.53
e415c071-7f0c-486a-9a72-e59a43ff8e20,U000000002,SONY,SELL,2025-05-22,111.33,72,40.08
e55fba87-cb5b-423c-8196-6cdbafe37b04,U000000013,NFLX,BUY,2025-05-22,476.11,10,23.81
4600391a-6148-462a-bdcd-983d54bf895e,U000000011,META,BUY,2025-05-22,335.32,77,129.1
71309d5c-5e7f-4a95-8d65-e1d35a0f6f7f,U000000028,MSFT,BUY,2025-05-22,290.52,89,129.28
fa28bbed-c4a8-48d9-be4a-268cd7aa6d1a,U000000021,AAPL,BUY,2025-05-22,150.63,79,59.5
9e35f800-ba83-4203-8174-6c1b32d71507,U000000019,SAP,BUY,2025-05-22,134.59,16,10.77
4a1f6bf9-9920-451a-afaa-91a8ba1822ad,U000000005,SONY,SELL,2025-05-22,115.07,47,27.04
67536c4d-c473-4348-a5e8-7b39e49437df,U000000009,DIS,SELL,2025-05-23,181.86,50,45.47
52cf28a9-2e99-43f3-84c5-afa57b93a24d,U000000002,SONY,SELL,2025-05-23,119.75,85,50.89
35cc807b-6852-4962-9314-60d5c886e6c3,U000000001,NFLX,BUY,2025-05-23,506.76,41,103.89
ae712a9e-5a16-45c0-a823-ced3bb6acbf5,U000000005,IBM,BUY,2025-05-23,140.68,82,57.68
5523820d-b0c2-4814-a423-b6e7e7697834,U000000027,GOOG,SELL,2025-05-23,2707.71,58,785.24
50161158-f33f-4bc8-91d5-62646bc279a9,U000000003,TSLA,BUY,2025-05-23,751.87,99,372.18
d7ab740a-978e-4375-a6bc-9f6992cbbc79,U000000014,AMD,SELL,2025-05-23,104.23,63,32.83
58472a09-3290-4dc2-aad0-605a2d066ce0,U000000025,ADBE,SELL,2025-05-23,526.76,13,34.24
597e366c-6aa8-42be-905f-9f3146f108a3,U000000021,TSLA,BUY,2025-05-23,786.8,96,377.66
542a91cf-95ab-41ac-8229-55bc3a072508,U000000013,LYFT,BUY,2025-05-23,24.07,33,3.97
2f3c4149-7a54-48f2-ba89-204bcfba5e0c,U000000029,BABA,SELL,2025-05-23,229.07,77,88.19
8f0142a6-f7c8-4214-be09-93312fa7c718,U000000022,GOOG,BUY,2025-05-23,2926.84,70,1024.39
bd7c5d1f-8d37-45f7-b829-5bcc9436e59a,U000000003,SAP,SELL,2025-05-23,135.91,66,44.85
58834597-ae97-418a-a012-521f414866e3,U000000002,ORCL,SELL,2025-05-26,93.16,74,34.47
84d79643-a22f-4607-b1cb-8b6d166beb37,U000000007,MSFT,SELL,2025-05-26,293.95,58,85.25
5eed7f37-87cf-4ca8-94a7-3d313684e120,U000000023,GOOG,BUY,2025-05-26,2876.72,40,575.34
51fd5d56-c771-488a-abc3-1dde14334d76,U000000007,SAP,SELL,2025-05-26,134.0,90,60.3
7d9832b7-9bea-4f21-8559-2dd62405950c,U000000010,SONY,SELL,2025-05-26,115.99,23,13.34
770ff8c3-a6a4-43bb-8995-e80c91b09ea4,U000000019,SONY,BUY,2025-05-26,115.27,46,26.51
bc7341de-497a-4279-9512-005e55bee3c5,U000000020,LYFT,SELL,2025-05-26,26.12,38,4.96
47f34471-06e5-449c-974b-df0cf09ba803,U000000014,PYPL,SELL,2025-05-26,189.04,35,33.08
45cfe140-9055-403e-afc9-7d490244aabd,U000000010,LYFT,SELL,2025-05-26,23.96,33,3.95
0208e915-a37e-4955-87ea-24fe2dfc191b,U000000029,NVDA,SELL,2025-05-26,775.71,86,333.56
edc184cd-94b2-4676-a14a-bf3e9a3f8273,U000000020,IBM,BUY,2025-05-26,144.39,55,39.71
abecd125-598f-4ac0-b0a5-1481dc5fc61e,U000000014,MSFT,SELL,2025-05-26,301.12,36,54.2
fdf2149b-1ae4-488a-9347-a5b561bdf9b1,U000000028,UBER,SELL,2025-05-26,43.81,83,18.18
c0a76a8e-1c51-449e-9187-7f824c13ab48,U000000018,GOOG,BUY,2025-05-26,2927.18,91,1331.87
f96228cd-db35-44f8-b1af-d9ecfa080620,U000000006,PYPL,BUY,2025-05-26,186.22,70,65.18
e48ccd59-ef23-4ce2-afd6-2e6a84372251,U000000010,BABA,BUY,2025-05-26,214.03,65,69.56
342a1555-4b49-4cb2-99fe-7e02df6cd20a,U000000030,SONY,BUY,2025-05-26,114.53,96,54.97
424aff28-245c-4b9f-acae-c980acd23b92,U000000012,AMD,SELL,2025-05-26,105.45,53,27.94
79d6451a-3821-489f-b2f0-75bb80246b2c,U000000026,SONY,BUY,2025-05-26,116.07,31,17.99
812d4832-8869-4d93-b545-e7d65e8859e7,U000000029,SAP,BUY,2025-05-26,125.29,86,53.87
705bf9d8-acdf-4e29-b514-7104c741c839,U000000012,ORCL,SELL,2025-05-26,88.32,71,31.35
5083a927-eb61-479b-a85a-a693baf7e378,U000000028,DIS,BUY,2025-05-27,178.59,4,3.57
25d14075-da87-46c3-9ba6-2416b0135a72,U000000017,AAPL,SELL,2025-05-27,146.55,47,34.44
a9e0c91b-f44c-4acf-9976-8501a0be85c9,U000000011,ORCL,BUY,2025-05-27,93.35,90,42.01
e52ea8af-e151-4684-bb7f-4f3b31799cae,U000000019,UBER,BUY,2025-05-27,45.13,27,6.09
785ef9bb-4cf5-4946-bfd5-27acc054c1d8,U000000004,META,SELL,2025-05-27,343.97,8,13.76
af01691e-e483-472d-80c2-99adba17d756,U000000002,INTC,SELL,2025-05-27,54.45,63,17.15
93b5c6c4-1e80-4fb7-8ce1-91c7e8bbd43e,U000000007,UBER,SELL,2025-05-27,46.94,67,15.72
366f2a5d-7e3b-4f27-b08f-63a023e391ae,U000000007,NVDA,BUY,2025-05-27,802.63,68,272.89
f39375ff-387e-416b-8d47-790079fadf8f,U000000028,ADBE,SELL,2025-05-27,528.02,13,34.32
5347e3b6-94b1-4a84-be52-68fe2a9bd9ae,U000000004,AAPL,SELL,2025-05-27,158.01,45,35.55
c3c4c008-a912-4967-9885-59447f629074,U000000027,DIS,SELL,2025-05-27,171.59,56,48.05
cb1ea0b1-d872-4e9b-8d37-4809fc6e86e9,U000000006,BABA,SELL,2025-05-27,211.3,28,29.58
09cde985-fe6a-4d3f-bd6d-c7eacc6c8d6c,U000000009,PYPL,BUY,2025-05-27,191.19,6,5.74
2899cb59-5e95-4907-857d-c0db28840dc4,U000000018,ORCL,SELL,2025-05-27,92.97,47,21.85
16ef3a10-cd40-46c5-90ab-8077ec92de0f,U000000028,NVDA,BUY,2025-05-27,807.64,91,367.48
d9f89ad1-9eef-4df8-b964-cb3101c63f0a,U000000012,DIS,SELL,2025-05-27,172.08,73,62.81
8f090fef-0a7f-47b6-bd43-f8df2a7ac13c,U000000018,AMD,SELL,2025-05-27,107.34,57,30.59
12a3e88f-64b2-4760-bbd3-4097437ce796,U000000003,MSFT,SELL,2025-05-27,294.41,35,51.52
85060891-5196-46aa-94f6-781e6ba61707,U000000021,INTC,SELL,2025-05-27,55.94,99,27.69
a93d26a9-809b-470f-8578-9800f8d82669,U000000020,MSFT,BUY,2025-05-27,305.64,21,32.09
a6203fa3-b9f5-405e-b25e-2daec2d541a3,U000000027,PYPL,SELL,2025-05-27,183.45,31,28.43
8e80224f-58af-4309-bdd9-c2aae9db9317,U000000022,PYPL,SELL,2025-05-27,183.95,78,71.74
70c6c8d7-6f5f-49f1-b1fd-dd561101027e,U000000020,SONY,BUY,2025-05-27,117.94,82,48.36
bf4af060-1d2b-42dd-a06d-9b5d115395bc,U000000023,ADBE,SELL,2025-05-28,513.17,72,184.74
75818f46-a102-4fc2-b29f-6100d1326b63,U000000025,AAPL,SELL,2025-05-28,144.39,26,18.77
bba03109-d96d-4b8f-b5a9-29508fa5a501,U000000002,LYFT,SELL,2025-05-28,25.11,35,4.39
7573abb3-822d-45f4-8284-84dc22573253,U000000017,AAPL,BUY,2025-05-28,151.15,12,9.07
35e671fa-1bff-4263-b76a-a2d2a8f519a4,U000000010,SAP,SELL,2025-05-28,130.2,22,14.32
d6e1c8fe-353b-4d43-a1fc-9cda233fd860,U000000015,AMZN,BUY,2025-05-28,3354.68,22,369.01
644445cb-e8f6-478d-8fc6-e44b125d352a,U000000017,UBER,SELL,2025-05-28,45.82,55,12.6
bba852c4-17d8-43be-b580-2756542aafac,U000000030,DIS,BUY,2025-05-28,175.41,26,22.8
49ceb0fa-f748-4b91-bfe6-b1a124b0a2aa,U000000013,AMZN,BUY,2025-05-28,3497.73,11,192.38
490618d4-3a89-4502-bca7-c818d7b69633,U000000012,LYFT,SELL,2025-05-28,23.86,38,4.53
d9a1baf4-a792-4214-9e67-a7650954b39e,U000000020,BABA,BUY,2025-05-28,209.6,98,102.7
1c621132-db65-41ff-b81c-ef6b4197b542,U000000005,GOOG,BUY,2025-05-28,2866.11,42,601.88
e33ce978-47f7-4a16-9786-3bb48a4ce1f7,U000000010,AMD,BUY,2025-05-29,108.05,10,5.4
7ec06218-e51a-45e4-845d-05132dcd4c35,U000000026,MSFT,SELL,2025-05-29,314.38,36,56.59
5c140f36-a966-49f8-b055-449e9937f6eb,U000000022,IBM,BUY,2025-05-29,137.68,56,38.55
0a09fadc-56be-4d4e-8827-92ddde61d083,U000000018,META,SELL,2025-05-29,332.63,7,11.64
a2478dbd-4f82-4760-be09-68e1cd361880,U000000004,META,BUY,2025-05-29,355.7,61,108.49
a7cdcfa4-1232-43e9-9af1-6174a8ade916,U000000010,PYPL,SELL,2025-05-29,198.83,95,94.44
bc8db22e-8d4a-4c5f-94c5-a43dbf7a0ba8,U000000012,SONY,BUY,2025-05-29,114.55,97,55.56
5164bd52-559f-4a4a-b3f3-55894bc517a0,U000000007,SONY,SELL,2025-05-29,110.43,44,24.29
21872e65-a068-424f-a0fd-f4d173c0b3c3,U000000028,SONY,SELL,2025-05-29,110.95,30,16.64
926823c0-b2dd-4c75-86fb-608765accd30,U000000028,MSFT,BUY,2025-05-29,309.66,86,133.15
495fa10a-59a0-4744-a8e3-6c8cc47cb5c1,U000000017,UBER,SELL,2025-05-29,46.72,31,7.24
f55d01cb-4502-45dc-aeab-7a6d81f0b572,U000000002,AMZN,BUY,2025-05-29,3458.57,20,345.86
2eec032b-f5ec-4273-ac7b-c4e476cc844f,U000000029,SAP,BUY,2025-05-29,136.37,5,3.41
1b9ff16b-472f-436f-a0e1-a9f654654b91,U000000020,META,SELL,2025-05-29,354.59,57,101.06
0f2903c5-0535-4d9b-b18d-1c23c6f4a733,U000000001,SAP,BUY,2025-05-29,124.45,28,17.42
5811c872-c381-4c19-bcef-07c63dc3ad74,U000000019,ORCL,SELL,2025-05-29,86.52,51,22.06
5ba4d33a-66a4-4605-ac43-88f067081d4b,U000000006,PYPL,BUY,2025-05-29,187.6,50,46.9
3730f412-9b0f-43e6-956a-05357b310297,U000000012,PYPL,SELL,2025-05-29,197.46,49,48.38
3dd7c247-ad8b-4f76-9861-1a999d9db695,U000000009,TSLA,BUY,2025-05-29,715.86,29,103.8
f47a1ccd-c5e9-452a-8cdf-c050285de355,U000000017,IBM,SELL,2025-05-29,140.68,63,44.31
c162036a-c37f-47cb-8317-0148f62edcd7,U000000021,NVDA,SELL,2025-05-29,767.93,77,295.65
b5353492-aafc-47a5-b4bd-ac084de60393,U000000024,ADBE,BUY,2025-05-30,497.53,3,7.46
77fef86a-0f28-4ff1-9be4-9486b3c08ee7,U000000002,AMD,SELL,2025-05-30,101.65,56,28.46
3840561e-2d29-40a8-9bdb-c8c88d96bb15,U000000024,BABA,BUY,2025-05-30,230.36,59,67.96
985f7755-8af3-4f97-bba0-eb2f6ee17675,U000000013,LYFT,BUY,2025-05-30,25.98,67,8.7
0cc2fe14-8732-4e88-89dc-aca3eef3538c,U000000025,META,SELL,2025-05-30,356.98,62,110.66
1c66b600-efcf-4888-8d3a-ad775ce9af2d,U000000016,LYFT,BUY,2025-05-30,25.81,22,2.84
9d32015a-ff1d-4178-9361-5320e05fa9a5,U000000027,DIS,BUY,2025-05-30,185.83,55,51.1
137733b0-7b2b-4d75-9b26-e2c50e34c796,U000000018,DIS,SELL,2025-05-30,188.78,1,0.94
16010db0-6cde-4207-a68b-b3e69121f351,U000000015,PYPL,BUY,2025-05-30,198.35,99,98.18
bab78432-faa1-4329-b87a-40896e3d42a9,U000000016,ADBE,BUY,2025-05-30,516.52,78,201.44
0e7d2e12-4775-4c9f-84de-44ddc951f874,U000000016,SONY,SELL,2025-05-30,120.37,83,49.95
6ad31072-d0d0-4cec-aee8-fcbedd599918,U000000015,TSLA,BUY,2025-05-30,757.27,13,49.22
a9be6919-6765-4fb3-aeb3-8af0565899d0,U000000005,SONY,BUY,2025-05-30,110.96,73,40.5
b935dc1d-0d79-414e-9294-6f4445a698e3,U000000030,MSFT,BUY,2025-05-30,304.82,13,19.81
68b82f5a-354b-4a9d-8787-217fb871d343,U000000013,IBM,SELL,2025-05-30,140.29,44,30.86
79d21cea-eb2e-4d28-ae93-3e3e2c84b5b9,U000000025,ORCL,SELL,2025-05-30,93.12,20,9.31
18510a42-943a-4339-8c37-64fa9a905894,U000000009,ORCL,SELL,2025-05-30,90.58,42,19.02
c50f3eb9-0d9c-4da2-a1eb-19fab5e14a94,U000000022,AMZN,BUY,2025-05-30,3510.45,24,421.25
0470ca61-a85f-4500-9bf6-4d438fc12c4b,U000000016,AMD,BUY,2025-06-02,102.22,72,36.8
838216f1-577c-4c4c-8610-f9cc119224a3,U000000022,UBER,BUY,2025-06-02,46.91,86,20.17
9f501b4a-aabc-4308-a4ee-9436dcae84f3,U000000006,UBER,BUY,2025-06-02,43.19,20,4.32
14e9b2e0-0f33-4319-b513-08ba14aadd93,U000000007,GOOG,BUY,2025-06-02,2913.21,72,1048.76
c7029d3f-86df-4c77-b427-3f31eaac5c06,U000000012,BABA,SELL,2025-06-02,209.58,33,34.58
b53b643a-a3a8-4358-a055-80f40c3305a7,U000000001,MSFT,BUY,2025-06-02,305.57,43,65.7
c8c24516-1031-4c79-a082-e8ee68e60e37,U000000024,UBER,SELL,2025-06-02,46.69,12,2.8
2657e60d-e6b1-4b2b-a197-3257947c1a40,U000000021,AMZN,SELL,2025-06-02,3565.34,43,766.55
b136ad9c-02e7-4918-b200-2eafd482d2a3,U000000008,TSLA,SELL,2025-06-02,768.96,59,226.84
f834bd75-cecd-4a87-9016-f11ea9e9d058,U000000028,META,SELL,2025-06-02,332.96,74,123.2
5710d759-8c2c-4537-88cf-ea4b14c86e63,U000000017,ADBE,SELL,2025-06-02,527.29,79,208.28
fe4fa22d-2a30-4e14-b0f0-4c95da8458f1,U000000003,SONY,SELL,2025-06-02,114.5,97,55.53
286ebed1-c8a2-4e70-865d-83418ec5f8af,U000000001,META,SELL,2025-06-02,344.26,60,103.28
3a5105c9-f3aa-462e-9f56-0e71a74abfb8,U000000005,BABA,BUY,2025-06-02,225.61,28,31.59
b4debcb7-248b-422c-848b-7384d1f7be09,U000000020,IBM,SELL,2025-06-02,135.08,17,11.48
c6d90e4b-9017-4b32-8f86-8c2f8a1502ae,U000000017,SAP,SELL,2025-06-02,132.63,4,2.65
bc08f468-d232-4cad-9a35-cdb21a4ade5a,U000000008,IBM,SELL,2025-06-02,143.33,35,25.08
1249da03-4920-4f1b-8d30-840fbb4cb694,U000000029,DIS,BUY,2025-06-02,173.01,98,84.77
a5043e85-4262-4dd6-85e7-f62a4e476703,U000000007,AMD,BUY,2025-06-03,106.98,5,2.67
18b8c23a-bc44-40ec-a671-e4eb3a88c0b7,U000000011,AMZN,BUY,2025-06-03,3386.57,5,84.66
6cf7a9a1-7d9a-439b-aae2-a1a14db53c4c,U000000009,BABA,SELL,2025-06-03,210.36,77,80.99
7c41b009-f4bc-438b-b8b2-b9c6d9ab54a8,U000000004,AAPL,BUY,2025-06-03,148.55,8,5.94
0800c607-b5ba-4d63-83be-a240c447bf1d,U000000023,GOOG,BUY,2025-06-03,2666.25,41,546.58
e1810a7e-a4b0-4b41-bc65-31121c95587d,U000000003,DIS,BUY,2025-06-03,172.71,79,68.22
397dad92-7dec-4e7b-80cd-130eb0bd3a3b,U000000004,IBM,BUY,2025-06-03,141.12,18,12.7
c26930d9-2bd6-4a91-b674-c556da9321ed,U000000016,IBM,SELL,2025-06-03,134.83,91,61.35
df6ddeeb-dbe5-4ce7-b657-c82bf1401ae7,U000000025,SAP,SELL,2025-06-03,132.83,22,14.61
ea4c71b9-6707-476c-b7e0-0f2444cbaf75,U000000024,ADBE,BUY,2025-06-03,522.25,7,18.28
b36078b0-7e56-4bd2-ace6-7db0085f4236,U000000007,INTC,BUY,2025-06-03,57.36,2,0.57
5f307c51-6ba6-4054-ac49-0036c2342ea2,U000000008,LYFT,BUY,2025-06-04,24.65,11,1.36
c84ed968-42b3-47b7-9c3b-749c414007d2,U000000002,SAP,BUY,2025-06-04,125.57,81,50.86
edde9ffb-aa50-4a24-88bd-4bca7caf3878,U000000010,GOOG,BUY,2025-06-04,2921.83,93,1358.65
71f5291f-62a0-43ab-9eed-badc95279eb6,U000000007,AAPL,BUY,2025-06-04,156.61,63,49.33
7d005311-0d48-4c4b-ab72-bccfc63060a0,U000000016,SONY,SELL,2025-06-04,118.88,2,1.19
2eb77ff0-ee23-435d-9a3b-e97bc201a95a,U000000022,AMZN,BUY,2025-06-04,3266.1,85,1388.09
37cb2f5c-24c0-4048-8bb9-965e2a9e3aea,U000000028,LYFT,BUY,2025-06-04,24.19,70,8.47
ee8fa46d-4f71-42ad-8245-1e71097f8417,U000000019,SONY,SELL,2025-06-04,114.65,47,26.94
b4760200-0a62-48cf-9c07-1e41e25bf0e4,U000000028,AMD,SELL,2025-06-04,109.58,16,8.77
88681c7b-95e9-4b51-abfd-db12dc3c7937,U000000023,MSFT,SELL,2025-06-04,294.77,65,95.8
34157809-3487-4257-9491-0ffb077b060e,U000000008,LYFT,BUY,2025-06-04,26.04,15,1.95
1ed5a81c-fba1-4423-a81c-b0854bd113b7,U000000001,SONY,BUY,2025-06-04,111.9,53,29.65
1c21e772-b286-469d-8975-fd81dbbbd1dd,U000000021,BABA,SELL,2025-06-04,220.47,19,20.94
ef3f24da-6320-47d2-8421-9356e552440f,U000000020,IBM,SELL,2025-06-04,133.07,30,19.96
11a23488-5a3a-4824-9ca4-ee15a2bf1c05,U000000028,IBM,BUY,2025-06-04,134.02,70,46.91
516571e9-4eff-4167-b486-15ac2cfe448e,U000000010,SAP,BUY,2025-06-04,124.32,25,15.54
e715a83f-a7f0-4558-bfc2-7e84a8c4d69e,U000000010,PYPL,BUY,2025-06-04,196.02,82,80.37
27a3c047-229a-4113-9e92-ab5afa08fd3c,U000000014,LYFT,SELL,2025-06-04,26.01,50,6.5
67635de0-de5c-40f2-9585-47f3ff2c0862,U000000030,BABA,BUY,2025-06-04,224.74,10,11.24
a7a088ae-cd3d-42ae-81c6-82a22919d859,U000000011,IBM,BUY,2025-06-04,139.58,48,33.5
c22514a0-dd09-43e1-9335-907c47639a91,U000000005,BABA,SELL,2025-06-04,225.51,49,55.25
f465c043-dd56-4fdc-9ab1-921fb2891d3e,U000000011,PYPL,BUY,2025-06-04,192.7,18,17.34
b7b4dbf2-1bdf-4fc8-924b-d5f319a1c730,U000000010,MSFT,SELL,2025-06-04,309.66,37,57.29
e792d904-46ff-4fb8-9a21-163c94a4ebd4,U000000015,PYPL,BUY,2025-06-04,186.28,22,20.49
322051c0-e4cc-45ac-a26b-aa8ff4d49060,U000000023,MSFT,SELL,2025-06-04,305.71,68,103.94
800659ce-f055-4bc2-b8ea-0d1725c64cf9,U000000017,BABA,BUY,2025-06-05,230.72,67,77.29
1a1974d0-2362-484d-91aa-10855855aac7,U000000012,AMZN,SELL,2025-06-05,3283.63,22,361.2
9d661705-6406-4d1d-820b-ea3f541a8f17,U000000011,MSFT,SELL,2025-06-05,314.01,71,111.47
3e04da9f-d486-4032-b573-7c9200b811f4,U000000010,META,SELL,2025-06-05,326.28,73,119.09
36e654cb-771a-47ae-aeb2-5c636cbd46b4,U000000012,AAPL,BUY,2025-06-05,157.43,29,22.83
c32f6f6c-418e-4200-bf46-582a262c4f1b,U000000019,IBM,BUY,2025-06-05,133.82,18,12.04
a72fec5c-58fc-454b-ae46-42313fce6026,U000000005,GOOG,SELL,2025-06-05,2879.4,41,590.28
6ea22424-84ed-49f2-840c-f05f59f6c378,U000000010,LYFT,BUY,2025-06-05,25.29,2,0.25
305bd46c-3c7c-44cc-976b-e072243d83c1,U000000016,NFLX,SELL,2025-06-05,514.2,1,2.57
38da3a99-32cf-4847-9a2e-adda918609a4,U000000026,TSLA,SELL,2025-06-05,761.26,37,140.83
9a25a0c7-eab1-44f1-94c5-ee06d7e4093e,U000000004,IBM,BUY,2025-06-05,143.99,62,44.64
0d197b51-23e9-4888-897b-9a82f86776e8,U000000028,NFLX,BUY,2025-06-06,486.58,94,228.69
62e655f6-55ac-4acf-b0cf-f35c7d30a0c8,U000000002,PYPL,SELL,2025-06-06,197.72,73,72.17
33c68d8e-3a70-4e56-942c-5d36c5f991e7,U000000020,LYFT,BUY,2025-06-06,24.61,27,3.32
f1d7c175-ff67-4ffa-89a7-01b5d3371898,U000000027,ADBE,SELL,2025-06-06,528.34,44,116.23
afc5358f-504a-41cd-9769-01bec0400a89,U000000013,MSFT,SELL,2025-06-06,306.99,51,78.28
72007870-1eba-416f-b55d-ebafb564ee54,U000000008,GOOG,SELL,2025-06-06,2746.08,13,178.5
fd579ef1-871d-443e-9575-4f39abf40ad6,U000000027,MSFT,BUY,2025-06-06,291.85,55,80.26
59532358-e542-4e78-be50-3695714baf38,U000000029,DIS,BUY,2025-06-06,181.06,3,2.72
89eda365-d891-42e8-8d55-e41229e19daa,U000000021,AMZN,BUY,2025-06-06,3507.68,34,596.31
64e2eb3b-2241-4239-a325-36849ac97703,U000000024,NVDA,SELL,2025-06-06,800.93,50,200.23
9dbcda7a-9589-4385-96dc-dbf0f8e6682c,U000000004,NVDA,SELL,2025-06-06,761.33,46,175.11
ecb90127-9867-4356-90de-7ed641f9c12e,U000000002,GOOG,BUY,2025-06-09,2896.79,61,883.52
703f2184-b11a-40a6-b8c9-0f608b9d6fca,U000000027,ADBE,SELL,2025-06-09,529.55,25,66.19
1442977d-ee5c-4814-8008-3a7e2c69bff9,U000000015,META,BUY,2025-06-09,334.48,23,38.47
f9b1c877-5a2d-4e5e-8bcb-dc0309eba67a,U000000019,SAP,SELL,2025-06-09,131.52,3,1.97
559c7a69-ee9f-4aa8-a128-69321b44ba54,U000000005,BABA,SELL,2025-06-09,222.82,17,18.94
f7a0b555-1c57-44c2-925f-b1ea10f39a8d,U000000013,LYFT,SELL,2025-06-09,24.19,27,3.27
6ebca167-8dd0-47ad-9e16-3309981dc2e9,U000000023,IBM,SELL,2025-06-09,141.51,12,8.49
b6c97739-c5bd-4f53-a02b-4ff37d4ec423,U000000028,NFLX,SELL,2025-06-09,495.88,29,71.9
e37a7325-5d57-4ed6-91b9-bd4dd9c4286a,U000000024,META,BUY,2025-06-09,333.16,56,93.28
ff49cb29-33ed-44d5-a0cb-88940f8aad62,U000000029,DIS,SELL,2025-06-09,171.66,8,6.87
e539f3fe-8174-41f1-a823-445037fcdfc5,U000000020,META,BUY,2025-06-09,353.74,91,160.95
60418496-23dd-4d60-9d2a-2c5e3e9bf7f0,U000000019,NFLX,BUY,2025-06-09,496.99,62,154.07
0518632a-d03d-4fea-a096-6710aef474cf,U000000009,META,SELL,2025-06-09,326.13,70,114.15
eb956327-b9f9-46fb-81de-747332a05257,U000000008,BABA,BUY,2025-06-09,229.01,14,16.03
156c2969-0758-4437-8810-ddda80ad7569,U000000028,SONY,BUY,2025-06-09,119.31,15,8.95
99441104-fecf-4c6c-ae08-6104f13222ee,U000000013,ORCL,SELL,2025-06-09,89.31,37,16.52
69a8c1cf-7e23-4898-aa5e-2433ad8dcbc6,U000000030,INTC,SELL,2025-06-09,54.32,49,13.31
67948c02-30b7-440e-b6ad-d482567d3d61,U000000018,AMZN,SELL,2025-06-09,3352.71,2,33.53
3bb56f99-c5d0-4af2-a187-66a9d1b92b46,U000000006,ADBE,SELL,2025-06-09,509.93,96,244.77
3f01b431-3dbb-479c-8d25-12eb877d5b82,U000000023,SAP,BUY,2025-06-09,133.44,97,64.72
c19a3242-ce7c-4db3-9e4f-02459b40c613,U000000005,ADBE,BUY,2025-06-10,488.45,57,139.21
8d9b6fb7-22e7-4c41-ac6f-e4aa8a8867a1,U000000005,AMD,BUY,2025-06-10,101.94,56,28.54
8d58d74d-23bb-42ca-b1e2-65122c687d49,U000000030,DIS,SELL,2025-06-10,174.04,37,32.2
99a9b09d-c1f6-4313-852f-19fc29ad8ce8,U000000019,SAP,BUY,2025-06-10,130.57,41,26.77
46e0eaca-6bf8-4a4c-828e-c384f30b6026,U000000007,UBER,SELL,2025-06-10,46.52,32,7.44
c6c54fda-287a-4ef8-b1c6-f7d7895648b4,U000000010,LYFT,BUY,2025-06-10,24.46,86,10.52
a5c56e57-f481-489c-882f-04c8f122602e,U000000018,AAPL,SELL,2025-06-10,148.1,96,71.09
7253df80-8d01-49b1-a2c1-d3992e2aaf62,U000000001,META,BUY,2025-06-10,352.55,67,118.1
1f529d10-50ac-4416-842d-ba09849d3a44,U000000002,AMZN,SELL,2025-06-10,3458.47,73,1262.34
3186f8ce-2c95-4a05-8f77-34bda605ac0e,U000000016,ADBE,BUY,2025-06-10,493.67,15,37.03
dcdcacd1-bad9-4433-9a23-2ab7ddeb3602,U000000026,INTC,SELL,2025-06-10,56.36,9,2.54
14b51265-fc18-4f5f-911f-e72f5e16a5b1,U000000026,AMD,SELL,2025-06-10,105.1,39,20.49
1141f1b5-d430-4306-b81f-f02cfea98b24,U000000030,NFLX,SELL,2025-06-10,515.08,1,2.58
634758ad-a3dc-4ea5-b287-da1faa48b792,U000000009,BABA,SELL,2025-06-10,218.23,81,88.38
dcdf3b41-49dc-46d4-8c11-680f5e5187ad,U000000002,BABA,BUY,2025-06-10,224.66,68,76.38
4ad55c18-7a29-4a31-99c8-12a2d100b96a,U000000014,META,SELL,2025-06-10,344.38,32,55.1
2b826e26-715c-4b30-85f0-006b597f6c7e,U000000005,NVDA,BUY,2025-06-10,794.62,1,3.97
c9a6db9b-e65c-4a00-9f50-a614ea31c47f,U000000030,PYPL,SELL,2025-06-10,187.49,29,27.19
516ff036-1188-4542-84d1-012872a2d942,U000000016,GOOG,BUY,2025-06-10,2771.12,14,193.98
766fcece-2f91-46ec-9ed5-56a8a0e4aeca,U000000001,DIS,BUY,2025-06-11,179.03,80,71.61
a2130524-0c52-4206-8fb3-d868f47a6028,U000000008,NFLX,BUY,2025-06-11,524.37,52,136.34
20aa6f8f-cadc-4a83-b535-04678fdb3891,U000000014,ADBE,BUY,2025-06-11,494.55,23,56.87
56f3f153-9c44-4fa6-88a1-a4ddb6792402,U000000010,ORCL,SELL,2025-06-11,93.84,20,9.38
e5f978f7-7ddc-4247-8d52-1b765d4cbcdb,U000000016,GOOG,SELL,2025-06-11,2914.21,50,728.55
936cda7d-c456-4826-8391-18cf59ea64d2,U000000003,ORCL,SELL,2025-06-11,88.36,67,29.6
cbac9ee4-c384-40ee-aaf0-154fcad3ef4f,U000000024,IBM,BUY,2025-06-11,140.01,69,48.3
946e6f0e-b877-42f5-b702-3156b2dd8f17,U000000018,AMD,SELL,2025-06-11,105.07,30,15.76
9984b1a7-49b7-4916-8485-cf35ea5785b2,U000000023,AMZN,BUY,2025-06-11,3490.61,49,855.2
127e3a17-f569-45c4-8438-6775cdbf695f,U000000018,META,SELL,2025-06-11,323.26,72,116.37
c44585d0-5130-4c51-bcbe-aef2d16f58f3,U000000003,AMZN,SELL,2025-06-11,3349.89,86,1440.45
26d06ced-9e93-4741-9891-b80af2d1260e,U000000024,NVDA,BUY,2025-06-11,827.5,33,136.54
5e1690d6-2218-48c5-abc2-bbe40d7c3f39,U000000013,INTC,BUY,2025-06-11,54.13,55,14.89
e487339f-c1eb-4578-b734-e72defd84fd2,U000000016,ORCL,BUY,2025-06-11,87.59,12,5.26
16527c12-4928-4015-b8fc-88c05faa48c7,U000000002,BABA,SELL,2025-06-11,218.28,64,69.85
37d51e2a-8d23-4406-96c9-288d9213465e,U000000008,LYFT,SELL,2025-06-11,24.81,29,3.6
5dd22fb8-c928-48ed-a280-1e48543ef25e,U000000026,DIS,SELL,2025-06-11,187.15,1,0.94
004bc583-4846-453f-9b67-9925f3170367,U000000008,GOOG,BUY,2025-06-11,2673.49,79,1056.03
cfd192e0-f350-4d0b-82ba-6e9349aafa71,U000000014,META,SELL,2025-06-11,350.58,11,19.28
6c730f82-27db-461c-95d1-a304f47eae49,U000000010,BABA,SELL,2025-06-11,220.7,30,33.11
bca2e48c-da00-4801-9832-5aaf6d070680,U000000029,NFLX,BUY,2025-06-12,481.48,52,125.18
3616cd10-3fb9-4e6b-917b-5a8e9ecbe131,U000000014,AMD,BUY,2025-06-12,103.09,11,5.67
00f0f43b-5870-42bf-bfa9-5e0fc4290aad,U000000011,IBM,SELL,2025-06-12,133.24,30,19.99
5453ffeb-1ebe-4a20-9082-916dda9a372e,U000000028,DIS,BUY,2025-06-12,180.6,31,27.99
1b0c94d5-b065-4ac1-be27-6a9014be8156,U000000011,LYFT,BUY,2025-06-12,25.19,80,10.08
de87415f-5068-417e-b613-1353c5af9e19,U000000022,LYFT,BUY,2025-06-12,24.96,8,1.0
23b9fde6-b924-483c-bd28-2d640532595c,U000000019,AMZN,SELL,2025-06-12,3464.71,64,1108.71
db53b1ab-c973-4e67-8212-b70004477cbd,U000000012,MSFT,BUY,2025-06-12,299.44,81,121.27
138b2e9c-d324-4c31-abd4-6bd7f14a9ad4,U000000017,INTC,SELL,2025-06-12,54.14,24,6.5
93331e9d-7b94-48a3-baa6-0c73270786f1,U000000006,PYPL,BUY,2025-06-12,196.19,15,14.71
ccb983a4-01f5-4ce9-b875-b45d94b89ca4,U000000007,SAP,BUY,2025-06-12,127.8,42,26.84
e262f18e-f140-4726-9d03-e119cbf21a16,U000000020,ORCL,BUY,2025-06-12,92.65,84,38.91
0ad3fdb6-1f95-489d-a2b2-8df28b709dcf,U000000019,BABA,BUY,2025-06-12,222.58,42,46.74
5d23f30d-9bbc-4339-ad82-515d6badebad,U000000004,UBER,SELL,2025-06-12,45.57,59,13.44
c04af886-4304-47a4-b8c5-841794afe823,U000000030,PYPL,BUY,2025-06-12,181.29,30,27.19
656a0947-ebb4-4e7d-8a72-69d712fce092,U000000009,GOOG,SELL,2025-06-12,2839.09,18,255.52
273090e5-3e19-4be8-8e42-38538d5e77a5,U000000023,AAPL,BUY,2025-06-12,151.53,19,14.4
1a642142-7e7f-4bbd-8a64-efa94c0dce95,U000000023,BABA,BUY,2025-06-12,219.38,40,43.88
4c70c137-a32b-49d2-b243-f4df41be5ca8,U000000004,INTC,SELL,2025-06-12,55.14,27,7.44
3688126b-b5d7-4edc-8329-49cc0ea107e7,U000000022,META,BUY,2025-06-12,346.62,52,90.12
c80cfa2c-0b78-458c-9342-c490a7e53bed,U000000002,AAPL,BUY,2025-06-12,144.18,44,31.72
15d4e44a-c012-49c0-9632-166bde89ba64,U000000013,AMD,SELL,2025-06-12,101.42,84,42.6
f4a66c29-9a60-4af2-89f6-c917f29ac262,U000000005,IBM,BUY,2025-06-12,142.07,62,44.04
c7d9005e-64ca-4a26-86fa-22bcb1b3216f,U000000023,ORCL,SELL,2025-06-13,92.79,23,10.67
3947be6b-def1-4473-9b63-11097791a09a,U000000010,TSLA,SELL,2025-06-13,785.42,24,94.25
acf00474-8bff-48a4-8344-03275d97498f,U000000004,ORCL,SELL,2025-06-13,93.76,80,37.5
079d8f1f-7bce-4894-8b4f-3a7ef5d957d9,U000000012,META,BUY,2025-06-13,345.89,94,162.57
4c7d7609-7229-40ce-ac98-016685a3f4ce,U000000022,META,BUY,2025-06-13,339.96,42,71.39
42986042-9699-46aa-8352-cf6ece33d3c2,U000000005,PYPL,SELL,2025-06-13,195.31,53,51.76
c1a90002-2c30-4335-807c-2e0aee465a8f,U000000005,BABA,SELL,2025-06-13,212.0,35,37.1
95d4efc5-f648-41ed-b75e-b425b07353c6,U000000011,MSFT,BUY,2025-06-13,294.06,4,5.88
a5dbfdfe-ddfc-437e-9f5d-1ce68d19fd62,U000000015,META,BUY,2025-06-13,325.6,4,6.51
412d7797-42f5-4c1e-89f8-49dc1c587c28,U000000018,SONY,BUY,2025-06-13,120.12,90,54.05
11da8dcc-361a-46f7-b96f-6a69e13bdf74,U000000005,NVDA,BUY,2025-06-13,763.07,6,22.89
19b4cfcf-5461-4352-896f-1215382b271f,U000000004,IBM,SELL,2025-06-13,133.4,32,21.34
c33f2076-b70b-43d9-b8a1-9008268c70d1,U000000002,INTC,BUY,2025-06-13,53.1,37,9.82
3dad2bef-3576-43b3-b282-16c236701a7d,U000000014,AAPL,BUY,2025-06-13,157.1,51,40.06
fd07760b-045a-4f6f-8446-fbdcdb9361f8,U000000024,SONY,BUY,2025-06-16,117.8,23,13.55
fb0e7d72-080e-4bd5-acb9-d8fabefe573d,U000000010,GOOG,SELL,2025-06-16,2709.6,19,257.41
7b0d78e0-d503-438b-982b-d4132afba9ca,U000000027,TSLA,BUY,2025-06-16,736.68,48,176.8
3dffe85f-03fe-45d8-a8a4-85db46b096f9,U000000001,IBM,BUY,2025-06-16,146.58,10,7.33
c64fa6c8-f09b-4817-ad5c-ecac01624757,U000000002,SAP,BUY,2025-06-16,127.02,14,8.89
889d6a0d-9f90-4001-abc2-b26f7d86a096,U000000017,AAPL,SELL,2025-06-16,145.74,78,56.84
e33feeed-7d6a-4175-ac0a-e7472357449e,U000000017,NVDA,SELL,2025-06-16,832.35,33,137.34
5af1da90-ae5e-43b8-bcbe-4517bb355c45,U000000007,AAPL,BUY,2025-06-16,146.21,24,17.55
9ad98792-e267-4636-81e5-69a127071e24,U000000020,SONY,SELL,2025-06-16,113.58,5,2.84
120c1220-6ba5-4001-bdf4-7e6aab576e33,U000000023,NVDA,SELL,2025-06-16,834.09,60,250.23
19f0624d-fafd-4a6a-ada2-b8fcc1a118ca,U000000014,LYFT,BUY,2025-06-16,25.18,12,1.51
39d10fbf-b122-4ce4-8762-09355886de23,U000000006,INTC,SELL,2025-06-16,54.82,26,7.13
cd21048e-921c-4d92-bed1-fa15b082a15a,U000000012,INTC,BUY,2025-06-16,56.09,57,15.99
42c4d06f-9c88-408d-8bc5-8df9fb796ca0,U000000030,NFLX,BUY,2025-06-16,482.29,13,31.35
66885110-917d-4b56-b22b-b3f032146b13,U000000030,PYPL,SELL,2025-06-16,191.21,69,65.97
cc207891-93c9-4985-9a9b-7c487ea94a3c,U000000001,NVDA,SELL,2025-06-16,772.91,94,363.27
e845d088-ff9b-409e-8ce9-921b92b5e6ff,U000000004,DIS,BUY,2025-06-16,187.96,95,89.28
4a7dace3-34d0-474a-9344-cac6a6786c51,U000000016,TSLA,SELL,2025-06-16,735.57,81,297.91
4a5022ea-1e75-40c8-9675-38026bacaa4f,U000000018,UBER,SELL,2025-06-16,45.3,88,19.93
01dd0d4d-38c5-4f23-af77-717f25c8ebe3,U000000005,META,BUY,2025-06-16,339.14,56,94.96
9c03eabe-0c35-49a1-8c53-13a6c4529fec,U000000021,AAPL,BUY,2025-06-16,152.94,35,26.76
340b98a2-b70f-414c-accf-701b3ee4abf6,U000000009,PYPL,SELL,2025-06-16,192.17,68,65.34
0f117a76-baa9-4067-b45f-67639f5bea2e,U000000022,ADBE,BUY,2025-06-16,517.54,24,62.1
4f8cadd9-70a5-43ff-9f8f-443db4d5bf61,U000000006,AMD,SELL,2025-06-16,109.02,58,31.62
8b845243-c2d6-44a2-b12f-8e524fa75319,U000000005,MSFT,SELL,2025-06-16,304.79,71,108.2
2adbd5c6-963e-4379-9033-ae0d6e66f843,U000000027,ADBE,SELL,2025-06-17,487.93,6,14.64
b550a06a-d29c-49fd-bf99-2302aefaaf68,U000000029,INTC,SELL,2025-06-17,54.28,13,3.53
1dec273e-6b0a-49f4-9c90-186701cb2c7d,U000000028,GOOG,SELL,2025-06-17,2823.93,25,352.99
87ddf1d4-810d-4201-8521-6f07dd03471f,U000000013,ADBE,BUY,2025-06-17,501.85,60,150.56
28049aa4-5c58-4fd0-8088-74b0a25310fd,U000000021,UBER,BUY,2025-06-17,44.59,5,1.11
2cb589e1-8e9a-4989-b6f6-c4d7118ee452,U000000030,INTC,BUY,2025-06-17,55.7,28,7.8
b12a9ec3-7f7d-45a7-b5c7-c0a5af6834da,U000000030,SONY,SELL,2025-06-17,119.87,4,2.4
386ab806-f958-4f51-a481-9dcf30cbd120,U000000029,LYFT,BUY,2025-06-17,25.21,61,7.69
d774ff5e-356a-4197-bcec-a31c6b454d7b,U000000018,GOOG,SELL,2025-06-17,2719.62,8,108.78
cc813feb-925e-41be-bf93-ac0feabc1f3d,U000000014,SONY,BUY,2025-06-17,116.59,52,30.31
231b335e-0eab-4474-a791-112064f87050,U000000025,MSFT,SELL,2025-06-17,297.0,95,141.08
009583f4-7657-49de-a2c6-207887544555,U000000004,ORCL,BUY,2025-06-17,87.55,75,32.83
e33f6b3a-7b15-44aa-9934-4c710728e2bd,U000000019,IBM,SELL,2025-06-17,137.05,98,67.15
fdf23502-986b-4352-a91e-d265ccff949b,U000000020,NFLX,SELL,2025-06-18,482.62,65,156.85
eb5f57de-4505-4e6b-a722-ad0042cbf5de,U000000018,UBER,BUY,2025-06-18,45.35,43,9.75
b652c2fb-b42b-44e5-8d77-60a7222c4cad,U000000021,AAPL,SELL,2025-06-18,150.92,34,25.66
b670752b-2706-493c-b688-7d3903468cad,U000000003,LYFT,BUY,2025-06-18,25.05,4,0.5
8e58bd80-bf88-4f19-99a0-63531b0875be,U000000020,PYPL,SELL,2025-06-18,191.27,54,51.64
27792423-07b1-4fba-a3e6-f4dada213ae5,U000000027,UBER,BUY,2025-06-18,43.26,35,7.57
f1f0ff34-a800-45b1-ab84-2a83aba62334,U000000002,ADBE,SELL,2025-06-18,498.61,51,127.15
dbb93ee7-3e20-4b96-bb1c-de88f3325cd6,U000000005,DIS,BUY,2025-06-18,174.87,27,23.61
a249e0a2-59ce-4e03-91d0-abc21b2e69bf,U000000022,SONY,SELL,2025-06-18,113.58,91,51.68
c02604cf-1a0d-4af1-a52a-2a47c8130652,U000000002,LYFT,SELL,2025-06-18,24.9,23,2.86
f03123df-0c67-475a-9aa6-52b53194f2a7,U000000017,INTC,BUY,2025-06-18,54.83,82,22.48
f3e9f6a2-c4b4-4e15-99de-9f13080078d7,U000000001,DIS,BUY,2025-06-19,181.22,37,33.53
9a7f3466-5121-4658-bcd6-7ddbfd4f7fb5,U000000028,AAPL,BUY,2025-06-19,153.68,33,25.36
c24e8456-0156-4616-a1c0-f2e5a5132dfb,U000000022,TSLA,BUY,2025-06-19,786.77,91,357.98
0c1a70e5-313f-4296-9cf0-2d03f60c6d25,U000000030,SONY,BUY,2025-06-19,109.46,6,3.28
933a0cc0-f7ec-4843-a979-2b66f9f053b6,U000000026,PYPL,BUY,2025-06-19,192.78,83,80.0
b4c7ebf0-065a-4aee-bada-af777c22159a,U000000007,ORCL,BUY,2025-06-19,93.28,92,42.91
ed1c4d1b-f58c-4365-9013-a5a8f9abdf7b,U000000018,GOOG,SELL,2025-06-19,2833.77,26,368.39
1c1b2e68-ed7d-4c5f-868a-9855e2f28bac,U000000006,GOOG,BUY,2025-06-19,2768.71,78,1079.8
e8f1bc7f-d79d-4889-8d16-8d1664b281ea,U000000020,AMD,BUY,2025-06-19,107.64,60,32.29
ad497738-d1d3-4b9e-b061-e304958094eb,U000000006,PYPL,BUY,2025-06-19,191.24,43,41.12
b4f551e2-a26c-40c8-a2ab-9192bc3f7224,U000000010,IBM,SELL,2025-06-19,145.21,25,18.15
f77c6e2f-30c8-468e-810e-3402ca7c21b7,U000000009,AMD,SELL,2025-06-19,104.62,83,43.42
ab96c9b3-4764-4c39-bac7-1796b6b73332,U000000027,INTC,SELL,2025-06-19,54.32,91,24.72
ee1a78ad-7ed3-4c86-84f6-f80d728b3987,U000000014,AMZN,BUY,2025-06-19,3460.82,13,224.95
28091a77-9ba0-4fe1-a7fd-381e9e00d671,U000000003,AMD,SELL,2025-06-19,103.19,54,27.86
78ce7fe7-f28e-4386-a277-a3c85a770aec,U000000028,AMD,BUY,2025-06-19,107.61,50,26.9
899ea152-0139-49ed-84cf-e449ef54fef5,U000000001,TSLA,BUY,2025-06-20,779.73,88,343.08
817e0b83-1f28-4676-a55b-28b7b1803998,U000000019,NVDA,BUY,2025-06-20,765.45,100,382.73
320a015d-dc53-4113-a235-4a03f81c688b,U000000016,IBM,SELL,2025-06-20,142.5,88,62.7
6e249b8e-1ff1-426e-9896-e40698521c55,U000000002,META,BUY,2025-06-20,330.17,52,85.84
4b1566c2-a947-4088-b476-dfe0b9d54aa9,U000000013,IBM,SELL,2025-06-20,134.92,23,15.52
0522b0f7-ded1-4aec-890f-88c696d83d02,U000000003,AAPL,SELL,2025-06-20,155.84,34,26.49
35374302-f78c-44a6-9193-8e1a5d4801c4,U000000012,SAP,SELL,2025-06-20,125.47,31,19.45
3ce7cd0f-855d-4a7b-ae7b-c2b1a11e1339,U000000023,ADBE,BUY,2025-06-20,527.61,97,255.89
646de24b-408a-4668-87e8-de12ce944c0b,U000000007,NFLX,BUY,2025-06-20,515.95,39,100.61
f5a7839d-f800-4456-85d3-52259bfa5726,U000000025,SONY,BUY,2025-06-20,119.29,82,48.91
2a5af6b7-f377-4d6d-bde7-5e743aab9582,U000000018,NFLX,BUY,2025-06-20,488.22,18,43.94
2535061a-3688-416d-b4f4-c4e46f69f29a,U000000005,SONY,SELL,2025-06-20,120.07,98,58.83
0cb91bf6-a1d0-4666-9d87-91d137a464e0,U000000022,ORCL,BUY,2025-06-20,86.56,32,13.85
36cc3cd3-8e06-435a-addd-331642cae108,U000000026,INTC,SELL,2025-06-20,56.11,9,2.52
54657a3a-f9b9-4bd0-94b8-a8429ce9a49a,U000000021,AAPL,SELL,2025-06-20,144.65,27,19.53
6e9bf3b9-896a-432a-aa84-8ab31acfb4a1,U000000008,MSFT,BUY,2025-06-20,303.76,84,127.58
6e9bfdea-e3a3-4986-a68a-68632fe83353,U000000013,GOOG,SELL,2025-06-20,2846.56,45,640.48
bdef66ba-2080-4c73-b45e-5faaad833fe6,U000000024,ADBE,SELL,2025-06-20,499.61,64,159.88
74d086d5-c189-4b28-b6da-d9c1f927f4a5,U000000026,IBM,BUY,2025-06-20,136.0,21,14.28
6f869178-8c55-4c79-bca0-5fda239a2367,U000000029,ORCL,SELL,2025-06-20,93.75,55,25.78
4f46369e-0ff4-4674-aed2-909a0c6e4a81,U000000001,NVDA,SELL,2025-06-20,832.88,26,108.27
5534f939-f9c8-4a78-b074-88cab8a6d56f,U000000030,UBER,BUY,2025-06-20,42.86,93,19.93
e606925c-f096-4b7d-80cb-1a9c1e553c2c,U000000008,AMZN,BUY,2025-06-20,3505.47,73,1279.5
00df48ba-ac30-4977-9339-806c95b7d29b,U000000008,PYPL,SELL,2025-06-23,187.7,74,69.45
8e64b4b1-cf91-411c-989d-49e2251f037b,U000000004,MSFT,SELL,2025-06-23,287.79,6,8.63
fe9371ef-a3b1-4798-8e31-3b02ba4e6a01,U000000004,NVDA,BUY,2025-06-23,838.3,33,138.32
ef8478a3-bd02-476b-90c4-0a9bc35680eb,U000000029,GOOG,SELL,2025-06-23,2712.53,96,1302.01
ba63e6fe-8184-42c3-a23e-3106f6baa559,U000000002,META,SELL,2025-06-23,323.56,92,148.84
0ef64322-7d7b-466c-84f2-5777060f8374,U000000011,TSLA,SELL,2025-06-23,770.72,34,131.02
8af20d0c-77f9-4fcc-86d0-63c53e6b60a3,U000000027,SONY,SELL,2025-06-23,117.78,7,4.12
c6ffda81-8969-407a-83e6-86dd32bfc2b9,U000000011,TSLA,BUY,2025-06-23,733.13,73,267.59
8586dd25-c03c-4650-a2bb-ae522eba438c,U000000009,NFLX,SELL,2025-06-23,480.56,15,36.04
8b26d723-20be-4e23-ac32-e2d539aa17c2,U000000011,AMD,BUY,2025-06-23,109.19,96,52.41
7d5c2308-6fc3-4b12-ac95-906acbf90560,U000000030,MSFT,BUY,2025-06-23,305.95,54,82.61
078986c4-c89b-417e-8f11-9be8ac299989,U000000008,LYFT,BUY,2025-06-23,23.97,10,1.2
b1428a3e-3699-4245-b0f4-f4e3c64e3780,U000000026,GOOG,SELL,2025-06-23,2747.4,37,508.27
ad06d593-f8ee-4593-9420-7ced7cbe1084,U000000022,ORCL,SELL,2025-06-23,93.79,54,25.32
393a3e2e-68aa-4b1d-a102-8a7642a4c771,U000000004,IBM,SELL,2025-06-24,137.14,61,41.83
74c28c40-879a-43e8-864a-781066bf4e2e,U000000017,NFLX,BUY,2025-06-24,506.54,83,210.21
7233fa15-bacb-42f1-aee2-c50f8a5c2177,U000000019,DIS,SELL,2025-06-24,173.59,55,47.74
a3e3dfbf-f833-4ba4-8e52-ec4ac5df4a47,U000000002,DIS,SELL,2025-06-24,181.25,11,9.97
164e79b2-f0eb-4329-8d31-c89855e1b27f,U000000004,META,SELL,2025-06-24,351.41,21,36.9
4427965d-7dd3-48e4-a74f-eaba32da5be5,U000000015,LYFT,SELL,2025-06-24,25.01,90,11.25
50d72e94-cddd-4238-9dc9-79597452ac8a,U000000015,IBM,SELL,2025-06-24,144.25,48,34.62
a1bbd10a-cfe6-485e-87fe-9b4866d3edd8,U000000008,ADBE,BUY,2025-06-24,494.55,16,39.56
690a4c53-9c46-4277-9316-ff0b6255e61a,U000000023,NFLX,BUY,2025-06-24,512.9,92,235.93
a0d789a0-5eb3-497c-9051-460058a3ec21,U000000028,DIS,BUY,2025-06-24,176.14,64,56.36
c3735b72-6f30-47e0-ae53-7c820fc6ae68,U000000003,ORCL,BUY,2025-06-24,88.3,7,3.09
ae8c4340-9e46-49c5-b4d7-923e80e0803e,U000000014,INTC,BUY,2025-06-24,57.23,47,13.45
5b6d8a4b-176c-4a62-b977-f62255a149b5,U000000005,UBER,BUY,2025-06-24,43.05,79,17.0
11b42f37-3157-45c4-9989-4914b3f5edc9,U000000014,SONY,SELL,2025-06-24,109.26,5,2.73
d06a7a67-25a6-4aef-bc91-699495e662cf,U000000015,ADBE,BUY,2025-06-24,506.51,46,116.5
9321e84b-9819-470a-881c-5e94d3b23065,U000000029,AAPL,BUY,2025-06-24,152.82,70,53.49
7863efb4-0fb4-402b-a207-e23a7df3854d,U000000029,BABA,SELL,2025-06-24,209.88,32,33.58
75ef31f1-6247-4d5e-a7de-5919e2aae2b3,U000000012,PYPL,SELL,2025-06-24,187.33,10,9.37
db8a1cf3-628d-4785-a75c-332bc8b7f4c1,U000000012,TSLA,SELL,2025-06-24,749.03,59,220.96
2bcee82b-3c1d-47c2-aad8-f14ae8273158,U000000008,NVDA,SELL,2025-06-24,765.44,59,225.8
516b3658-087c-4f50-97bc-717dff0a7531,U000000005,TSLA,BUY,2025-06-24,716.68,22,78.83
5f0df12c-f8de-44a2-85fe-4e943c537ca1,U000000014,AAPL,BUY,2025-06-24,146.52,88,64.47
562f578d-f2c1-4808-9d66-ee2bc2a98679,U000000017,NFLX,BUY,2025-06-24,508.96,34,86.52
c0cb1a1d-4bf0-4c8c-b8ba-63aaf93451ec,U000000016,NFLX,SELL,2025-06-24,481.82,24,57.82
2f1ae25e-c996-4970-a21c-c7948fb01fba,U000000025,INTC,SELL,2025-06-24,55.99,97,27.16
165f8c6a-984c-49d0-aab5-bbdb9e97f3a2,U000000004,ORCL,SELL,2025-06-25,94.27,23,10.84
7aa44b26-5528-4785-a81b-f1a636593c8c,U000000019,NVDA,SELL,2025-06-25,813.75,54,219.71
1edd457b-ee61-4b0b-b74a-0bf3431ad6a6,U000000006,ORCL,SELL,2025-06-25,86.38,45,19.44
61d193b1-f88c-4d2a-9b8b-d6e1cdc79258,U000000013,ORCL,BUY,2025-06-25,87.31,33,14.41
fb821a72-3a0c-45c4-954c-56bbbf951657,U000000003,META,SELL,2025-06-25,331.92,77,127.79
3d76bfed-3a4d-4ed4-9767-aa9590404589,U000000020,ADBE,BUY,2025-06-25,521.67,65,169.54
9c4a814c-3f31-4ebf-b13e-7c9aa126b5c8,U000000024,IBM,BUY,2025-06-25,141.4,27,19.09
3cfade25-18b1-4a87-b503-0fb044595957,U000000016,BABA,BUY,2025-06-25,230.43,45,51.85
678d946b-51eb-4a25-86f7-8c6bfe342d6a,U000000026,BABA,SELL,2025-06-25,222.46,37,41.16
0166e198-28f5-4ba3-929f-61e9be26f749,U000000008,META,SELL,2025-06-25,327.67,22,36.04
9dfd9bd7-da53-49ed-b566-3b641227fa86,U000000030,UBER,SELL,2025-06-25,44.11,46,10.15
7dd2f0fd-eae9-4de7-8baf-922ef0982f6f,U000000009,AMZN,BUY,2025-06-25,3485.16,29,505.35
e1071b96-144e-4193-90a2-eef9f7bf626b,U000000019,AMD,SELL,2025-06-25,101.78,19,9.67
643b7047-6d4e-4322-bf77-b5500ce0eda5,U000000002,ADBE,BUY,2025-06-25,511.87,43,110.05
645338db-e744-43d6-8390-310f903c882b,U000000015,ORCL,SELL,2025-06-25,91.99,52,23.92
477b4b5a-b75f-4746-80a4-c9fd4c94b4cc,U000000012,BABA,SELL,2025-06-26,222.76,86,95.79
8d703a99-8869-4751-b864-52d3f627a6c2,U000000021,AMD,BUY,2025-06-26,107.48,74,39.77
e44319ba-8c5c-438b-99de-20c6eb35e3a7,U000000015,MSFT,BUY,2025-06-26,287.23,5,7.18
a8d4893f-3306-47ab-8d80-8bc7bc77a652,U000000020,PYPL,BUY,2025-06-26,189.35,39,36.92
eb86dd5d-4bf4-46c6-ab4b-68f7b96a4340,U000000014,TSLA,SELL,2025-06-26,761.6,25,95.2
277d53bb-73b6-408f-9d54-5cbfb5d7a03a,U000000012,META,BUY,2025-06-26,356.61,64,114.12
929748b6-d8b7-4a04-806f-e6cd3d7514be,U000000018,ORCL,SELL,2025-06-26,90.83,67,30.43
7a7553c0-9737-4fe2-ae6e-f2fdb7a14d4e,U000000014,LYFT,BUY,2025-06-26,24.39,72,8.78
b89dd635-6c16-4a15-a77d-cbc0a9c57707,U000000009,BABA,BUY,2025-06-26,210.51,20,21.05
3af78062-a0d8-44d2-b7d2-2493e37e8468,U000000003,ORCL,SELL,2025-06-26,87.88,33,14.5
940b1a78-02de-4646-8896-2d5445e76098,U000000012,NFLX,BUY,2025-06-26,510.99,76,194.18
b41045ba-26e3-4f49-95e2-a63907ed429b,U000000010,NFLX,BUY,2025-06-26,482.23,93,224.24
f1dddcba-eb5f-448b-9b1a-1ce32f7f6375,U000000007,PYPL,BUY,2025-06-26,182.51,78,71.18
6d9a1351-99d8-4f4c-92f3-ba54958dac7e,U000000005,ORCL,SELL,2025-06-26,93.13,33,15.37
2b7fa587-d85f-4cde-a7bc-ec62e958b462,U000000026,ORCL,SELL,2025-06-26,89.79,97,43.55
6a1c4839-915f-47ca-a6d4-d71b9eadac26,U000000002,DIS,BUY,2025-06-26,172.15,42,36.15
ecfc8742-dfd5-4698-9c27-cfbe5529f199,U000000015,NVDA,SELL,2025-06-26,802.72,9,36.12
1864fb33-9e83-408a-9f50-6d3df60ff0f3,U000000006,ADBE,SELL,2025-06-26,530.71,62,164.52
58b80748-d6db-40c8-ac35-94c41ec06d3b,U000000028,DIS,SELL,2025-06-26,182.06,35,31.86
27e14e00-51c7-4b8a-8fef-77010a6ceee5,U000000013,AAPL,BUY,2025-06-26,148.53,74,54.96
cc44b1e0-1438-4686-bd5a-afe935466563,U000000002,ORCL,SELL,2025-06-26,86.56,53,22.94
faa7c451-bdf6-4c4e-b059-dea0104a776b,U000000021,LYFT,BUY,2025-06-26,25.72,66,8.49
e83be01e-e098-4210-ade7-425ab5adf05e,U000000022,SONY,BUY,2025-06-26,111.73,65,36.31
