stock_id,trade_date,open_price,close_price,low_price,high_price,volume
AAPL,2025-03-28,151.5,155.75,147.74,158.98,1755187
AAPL,2025-03-31,153.62,150.91,148.78,156.0,809239
AAPL,2025-04-01,154.9,154.32,150.93,156.82,1950372
AAPL,2025-04-02,152.62,152.27,148.14,153.28,3197100
AAPL,2025-04-03,154.99,154.99,152.06,159.1,2255169
AAPL,2025-04-04,147.06,146.85,144.67,151.17,3198522
AAPL,2025-04-07,152.71,148.59,144.45,153.67,450834
AAPL,2025-04-08,154.29,152.78,151.26,158.39,703651
AAPL,2025-04-09,146.34,148.07,142.71,152.19,1120612
AAPL,2025-04-10,150.27,151.66,145.95,153.56,3796894
AAPL,2025-04-11,153.65,153.02,150.73,154.75,1192275
AAPL,2025-04-14,147.0,148.37,143.2,151.97,3734899
AAPL,2025-04-15,148.64,150.43,148.09,153.1,1966906
AAPL,2025-04-16,151.64,154.6,148.15,156.47,3654611
AAPL,2025-04-17,148.96,144.5,144.14,151.37,3112529
AAPL,2025-04-18,154.17,150.44,146.57,156.29,3653994
AAPL,2025-04-21,150.98,147.22,146.85,155.15,2376908
AAPL,2025-04-22,149.04,152.54,145.4,154.16,1734226
AAPL,2025-04-23,148.47,149.77,145.85,152.56,2740376
AAPL,2025-04-24,148.66,147.82,144.53,150.08,1230617
AAPL,2025-04-25,150.98,154.64,147.13,158.99,2034026
AAPL,2025-04-28,150.67,150.68,146.52,155.09,2081654
AAPL,2025-04-29,150.53,154.16,149.4,154.32,3410992
AAPL,2025-04-30,149.25,152.71,147.36,154.02,3483584
AAPL,2025-05-01,153.24,154.76,151.92,157.27,1237499
AAPL,2025-05-02,149.15,152.87,144.82,156.92,1291773
AAPL,2025-05-05,148.78,150.08,146.58,150.59,2822407
AAPL,2025-05-06,148.39,144.06,141.83,149.0,3109687
AAPL,2025-05-07,151.05,147.41,144.08,155.5,3070717
AAPL,2025-05-08,150.81,154.93,148.25,156.98,3743408
AAPL,2025-05-09,150.01,149.21,146.77,152.65,2168217
AAPL,2025-05-12,154.49,151.5,150.33,158.88,3241420
AAPL,2025-05-13,147.4,150.86,144.78,153.4,1634401
AAPL,2025-05-14,147.08,149.07,143.82,150.94,3432543
AAPL,2025-05-15,151.5,147.03,145.19,152.45,2185317
AAPL,2025-05-16,147.82,147.18,143.14,148.75,1922924
AAPL,2025-05-19,147.83,150.29,143.84,152.21,2063955
AAPL,2025-05-20,151.94,149.39,145.67,152.8,1214775
AAPL,2025-05-21,149.82,152.25,148.4,154.11,2325230
AAPL,2025-05-22,149.61,153.88,148.4,156.06,396049
AAPL,2025-05-23,147.77,143.5,140.55,150.92,859379
AAPL,2025-05-26,147.71,146.09,143.73,149.57,2287448
AAPL,2025-05-27,150.59,154.04,146.96,156.32,2215278
AAPL,2025-05-28,153.61,150.0,148.12,156.97,3713904
AAPL,2025-05-29,150.83,150.48,148.94,154.56,3596097
AAPL,2025-05-30,149.27,149.93,146.77,152.99,3907263
AAPL,2025-06-02,154.0,149.45,146.16,156.99,1231831
AAPL,2025-06-03,153.43,155.65,150.11,156.91,1729978
AAPL,2025-06-04,149.46,146.92,144.88,153.84,1016654
AAPL,2025-06-05,153.89,158.29,153.52,162.63,1102328
AAPL,2025-06-06,152.22,154.68,149.83,157.8,2716601
AAPL,2025-06-09,146.89,143.06,139.22,150.04,424991
AAPL,2025-06-10,148.28,145.88,145.1,150.75,557286
AAPL,2025-06-11,153.91,150.8,147.57,154.74,623841
AAPL,2025-06-12,154.51,150.18,149.7,156.23,206081
AAPL,2025-06-13,153.62,155.64,150.14,158.6,2726837
AAPL,2025-06-16,149.12,148.85,148.37,151.76,3842289
AAPL,2025-06-17,146.02,143.76,142.22,149.28,1691297
AAPL,2025-06-18,154.49,150.86,147.35,157.79,265595
AAPL,2025-06-19,148.64,145.31,144.33,151.13,2765118
AAPL,2025-06-20,151.47,151.2,149.33,151.78,2386332
AAPL,2025-06-23,151.19,152.64,148.34,155.59,2807449
AAPL,2025-06-24,151.27,150.99,147.15,155.29,2008872
AAPL,2025-06-25,147.99,144.71,143.37,148.46,1979154
AAPL,2025-06-26,147.58,147.42,143.36,149.02,1727810
GOOG,2025-03-28,2748.06,2697.71,2621.52,2823.92,3945416
GOOG,2025-03-31,2818.41,2827.88,2808.54,2893.43,2246790
GOOG,2025-04-01,2875.35,2817.0,2744.37,2914.65,456872
GOOG,2025-04-02,2883.4,2854.21,2791.59,2919.7,1021825
GOOG,2025-04-03,2785.25,2867.26,2754.52,2907.21,3147063
GOOG,2025-04-04,2793.81,2830.04,2768.68,2834.85,3445778
GOOG,2025-04-07,2866.72,2926.25,2828.15,2976.12,891289
GOOG,2025-04-08,2822.68,2795.26,2768.39,2877.03,2284508
GOOG,2025-04-09,2818.15,2826.74,2755.52,2911.22,2514775
GOOG,2025-04-10,2756.37,2812.13,2680.89,2831.83,1759395
GOOG,2025-04-11,2763.62,2704.59,2684.97,2796.79,938256
GOOG,2025-04-14,2862.69,2872.2,2816.76,2919.66,1355480
GOOG,2025-04-15,2818.92,2798.86,2797.64,2883.9,3016912
GOOG,2025-04-16,2754.63,2694.71,2639.05,2785.66,714822
GOOG,2025-04-17,2874.89,2957.02,2864.56,3020.53,1809366
GOOG,2025-04-18,2853.82,2860.55,2822.3,2906.11,1122976
GOOG,2025-04-21,2782.61,2731.52,2656.03,2849.54,3728516
GOOG,2025-04-22,2751.06,2770.39,2732.25,2782.03,3217422
GOOG,2025-04-23,2743.89,2701.47,2692.49,2806.26,3414373
GOOG,2025-04-24,2805.89,2812.71,2728.39,2812.95,539685
GOOG,2025-04-25,2876.71,2851.66,2816.88,2902.46,2281775
GOOG,2025-04-28,2869.68,2826.11,2748.53,2917.39,1968820
GOOG,2025-04-29,2860.66,2791.75,2770.78,2896.35,1885009
GOOG,2025-04-30,2829.04,2746.43,2686.38,2888.97,1266063
GOOG,2025-05-01,2818.5,2857.01,2734.71,2904.37,1721985
GOOG,2025-05-02,2771.93,2726.84,2714.05,2814.94,1102132
GOOG,2025-05-05,2763.64,2795.63,2757.75,2831.06,2764238
GOOG,2025-05-06,2841.07,2861.76,2817.63,2878.93,917745
GOOG,2025-05-07,2752.54,2822.79,2727.52,2882.22,2226962
GOOG,2025-05-08,2867.68,2817.05,2741.99,2897.32,3929659
GOOG,2025-05-09,2807.88,2812.8,2760.05,2855.99,3310005
GOOG,2025-05-12,2836.96,2914.48,2802.95,2952.16,2941183
GOOG,2025-05-13,2784.13,2708.21,2678.33,2847.42,3723568
GOOG,2025-05-14,2781.1,2790.49,2756.11,2813.14,878851
GOOG,2025-05-15,2774.85,2760.72,2737.54,2796.18,2865956
GOOG,2025-05-16,2849.37,2805.06,2791.85,2866.06,1133096
GOOG,2025-05-19,2803.72,2747.14,2735.4,2845.07,693937
GOOG,2025-05-20,2789.82,2720.02,2689.06,2853.95,3683064
GOOG,2025-05-21,2881.73,2956.95,2832.02,2980.21,1777460
GOOG,2025-05-22,2854.02,2852.27,2815.21,2900.61,579273
GOOG,2025-05-23,2860.79,2933.99,2826.55,2979.23,3675435
GOOG,2025-05-26,2730.48,2767.38,2722.53,2782.87,3408649
GOOG,2025-05-27,2874.14,2947.61,2822.29,3024.28,3448128
GOOG,2025-05-28,2735.78,2686.52,2664.31,2791.07,2144304
GOOG,2025-05-29,2721.57,2789.48,2656.67,2860.66,766582
GOOG,2025-05-30,2839.41,2767.13,2745.13,2857.62,576709
GOOG,2025-06-02,2746.14,2790.37,2702.66,2846.34,2460793
GOOG,2025-06-03,2769.56,2796.07,2747.89,2857.98,3808209
GOOG,2025-06-04,2811.67,2793.5,2782.67,2882.48,349712
GOOG,2025-06-05,2736.86,2783.11,2718.71,2828.42,881539
GOOG,2025-06-06,2838.8,2763.77,2751.02,2839.06,3922360
GOOG,2025-06-09,2763.58,2805.42,2698.79,2868.77,2365057
GOOG,2025-06-10,2819.78,2893.58,2787.4,2914.85,731112
GOOG,2025-06-11,2730.83,2723.69,2667.75,2783.47,1867468
GOOG,2025-06-12,2791.41,2747.6,2675.42,2835.65,404180
GOOG,2025-06-13,2842.8,2867.17,2762.05,2874.37,958903
GOOG,2025-06-16,2818.06,2810.6,2762.66,2876.87,2865901
GOOG,2025-06-17,2833.38,2912.34,2785.22,2974.73,1213641
GOOG,2025-06-18,2807.51,2839.99,2763.97,2860.68,552966
GOOG,2025-06-19,2834.28,2765.82,2747.42,2910.51,2838679
GOOG,2025-06-20,2872.1,2882.14,2865.29,2960.51,300884
GOOG,2025-06-23,2872.26,2865.81,2835.45,2951.41,1548842
GOOG,2025-06-24,2827.39,2835.82,2785.49,2850.0,3525391
GOOG,2025-06-25,2753.53,2722.5,2649.32,2816.45,2548213
GOOG,2025-06-26,2867.3,2867.77,2831.86,2895.21,660326
MSFT,2025-03-28,295.64,290.72,283.06,302.16,898930
MSFT,2025-03-31,301.21,307.38,297.47,313.14,2791983
MSFT,2025-04-01,303.51,300.3,297.07,310.87,1585040
MSFT,2025-04-02,292.52,294.64,289.37,303.43,3750089
MSFT,2025-04-03,299.74,298.48,292.93,303.87,3757214
MSFT,2025-04-04,301.37,298.21,294.4,303.69,2215431
MSFT,2025-04-07,307.45,305.62,303.4,310.41,1290530
MSFT,2025-04-08,299.63,294.18,288.14,303.76,1100095
MSFT,2025-04-09,306.21,312.8,297.22,315.12,266336
MSFT,2025-04-10,302.31,307.67,300.75,315.18,1422822
MSFT,2025-04-11,300.44,308.88,292.95,316.47,1584697
MSFT,2025-04-14,298.45,300.62,296.4,302.75,2782158
MSFT,2025-04-15,295.29,289.42,289.37,303.81,3228532
MSFT,2025-04-16,307.7,315.84,299.46,319.59,2346750
MSFT,2025-04-17,304.51,295.91,288.04,305.9,2727204
MSFT,2025-04-18,306.31,298.88,294.04,310.77,1238909
MSFT,2025-04-21,296.34,291.68,283.66,303.45,1364708
MSFT,2025-04-22,301.41,296.76,294.25,303.61,1697856
MSFT,2025-04-23,292.59,299.79,286.19,307.75,3813365
MSFT,2025-04-24,305.28,301.28,299.8,305.97,2725167
MSFT,2025-04-25,291.41,284.74,278.66,292.55,324113
MSFT,2025-04-28,295.31,301.96,295.11,308.51,1047786
MSFT,2025-04-29,301.37,301.56,294.94,304.26,2700668
MSFT,2025-04-30,304.91,299.76,292.19,313.88,3773522
MSFT,2025-05-01,298.97,303.08,291.46,304.85,2881300
MSFT,2025-05-02,298.91,296.03,293.98,300.64,3211387
MSFT,2025-05-05,294.29,300.31,292.83,304.64,652013
MSFT,2025-05-06,298.19,292.0,285.31,303.5,3787475
MSFT,2025-05-07,305.28,314.13,299.26,317.72,2702054
MSFT,2025-05-08,302.07,293.95,290.45,306.09,1733797
MSFT,2025-05-09,303.86,298.2,292.72,304.88,3367574
MSFT,2025-05-12,291.59,289.88,282.65,297.12,2754325
MSFT,2025-05-13,295.54,295.99,286.82,296.35,295228
MSFT,2025-05-14,303.92,302.79,299.48,305.64,797333
MSFT,2025-05-15,293.83,299.51,293.8,301.66,2017939
MSFT,2025-05-16,306.54,307.86,299.76,309.03,3210644
MSFT,2025-05-19,298.42,301.71,294.95,301.81,1403539
MSFT,2025-05-20,303.46,299.41,294.31,305.6,1307823
MSFT,2025-05-21,299.68,302.16,298.19,306.51,3440364
MSFT,2025-05-22,301.07,294.88,293.12,301.65,1893627
MSFT,2025-05-23,299.47,291.89,291.24,299.57,1173520
MSFT,2025-05-26,303.66,308.91,299.5,311.28,3631890
MSFT,2025-05-27,297.86,299.72,295.54,306.78,3289157
MSFT,2025-05-28,299.44,303.15,291.35,308.98,2855647
MSFT,2025-05-29,299.6,306.51,297.04,313.28,1154143
MSFT,2025-05-30,307.26,305.26,301.53,310.49,210566
MSFT,2025-06-02,302.87,303.64,294.84,306.2,328695
MSFT,2025-06-03,308.71,303.47,299.66,316.76,3576356
MSFT,2025-06-04,304.61,313.06,300.54,313.78,2820423
MSFT,2025-06-05,304.49,303.98,295.61,305.55,3205883
MSFT,2025-06-06,294.11,291.58,286.39,298.51,885543
MSFT,2025-06-09,292.26,289.35,282.27,293.21,2679842
MSFT,2025-06-10,305.36,310.37,297.21,318.61,255231
MSFT,2025-06-11,293.37,288.46,282.54,294.46,624611
MSFT,2025-06-12,296.74,297.04,288.6,303.11,3730095
MSFT,2025-06-13,300.44,305.28,293.84,310.74,3743590
MSFT,2025-06-16,294.78,292.26,289.88,298.07,2426198
MSFT,2025-06-17,300.83,309.67,294.04,311.54,1117105
MSFT,2025-06-18,296.89,304.6,292.95,305.61,1345075
MSFT,2025-06-19,293.5,291.61,291.27,297.81,3755531
MSFT,2025-06-20,298.26,298.06,294.79,298.61,2803537
MSFT,2025-06-23,295.59,303.48,295.05,305.86,2597031
MSFT,2025-06-24,301.1,293.4,288.33,308.65,3365296
MSFT,2025-06-25,301.46,296.42,289.54,302.87,1651006
MSFT,2025-06-26,301.23,303.58,300.55,312.62,3886666
TSLA,2025-03-28,754.66,774.77,732.46,789.28,2915948
TSLA,2025-03-31,766.94,762.9,740.85,780.55,451127
TSLA,2025-04-01,761.67,746.94,728.73,772.9,2131578
TSLA,2025-04-02,760.6,740.27,733.18,774.2,3527823
TSLA,2025-04-03,748.07,754.84,727.56,771.88,2323775
TSLA,2025-04-04,757.43,746.29,735.48,764.59,3712473
TSLA,2025-04-07,740.1,724.59,712.29,756.76,3958922
TSLA,2025-04-08,759.1,759.53,747.53,773.68,1648225
TSLA,2025-04-09,768.4,780.12,760.69,795.12,1917995
TSLA,2025-04-10,748.49,735.51,724.91,770.47,2834231
TSLA,2025-04-11,764.61,744.83,723.1,771.05,347605
TSLA,2025-04-14,749.63,728.35,709.26,756.33,1872762
TSLA,2025-04-15,727.97,707.95,696.64,742.94,2643671
TSLA,2025-04-16,734.21,739.66,713.23,753.51,574527
TSLA,2025-04-17,742.01,720.56,700.85,757.11,3266577
TSLA,2025-04-18,760.59,739.42,734.88,774.54,969953
TSLA,2025-04-21,735.95,751.19,733.34,755.69,1026191
TSLA,2025-04-22,760.51,778.76,743.07,782.77,2013392
TSLA,2025-04-23,749.13,745.53,735.44,753.52,2678171
TSLA,2025-04-24,763.12,783.42,754.12,791.21,2844341
TSLA,2025-04-25,741.05,754.5,730.14,757.18,2835009
TSLA,2025-04-28,755.42,737.61,730.91,764.96,2285226
TSLA,2025-04-29,768.38,779.84,757.6,796.64,3083075
TSLA,2025-04-30,759.74,747.0,729.43,764.73,3488841
TSLA,2025-05-01,771.59,753.56,747.59,773.73,1336896
TSLA,2025-05-02,732.64,716.66,697.23,736.96,3041682
TSLA,2025-05-05,745.43,744.25,723.86,761.66,3469437
TSLA,2025-05-06,733.18,748.48,721.82,765.14,613027
TSLA,2025-05-07,764.52,743.8,742.95,780.81,410783
TSLA,2025-05-08,747.15,769.37,729.66,786.54,980836
TSLA,2025-05-09,753.38,740.1,735.27,770.21,279063
TSLA,2025-05-12,772.22,762.9,753.05,792.33,517523
TSLA,2025-05-13,732.47,743.61,710.51,747.11,1281762
TSLA,2025-05-14,731.64,723.02,712.74,744.03,389175
TSLA,2025-05-15,749.05,739.1,738.01,767.84,229498
TSLA,2025-05-16,740.23,723.83,705.27,741.74,2238597
TSLA,2025-05-19,764.77,784.65,755.03,800.6,1862266
TSLA,2025-05-20,735.3,715.86,694.7,753.02,1496020
TSLA,2025-05-21,745.58,757.88,727.03,766.79,1675888
TSLA,2025-05-22,746.26,728.71,726.66,754.68,2026622
TSLA,2025-05-23,739.1,724.42,722.58,760.96,1656608
TSLA,2025-05-26,753.28,747.22,731.03,773.9,3691587
TSLA,2025-05-27,731.1,722.88,709.31,735.67,3333700
TSLA,2025-05-28,738.53,752.66,725.09,760.64,3016245
TSLA,2025-05-29,761.17,773.68,745.94,794.54,2633080
TSLA,2025-05-30,732.15,743.31,730.0,749.88,2028086
TSLA,2025-06-02,737.03,738.48,721.44,743.59,3705106
TSLA,2025-06-03,743.73,736.36,715.22,765.09,2704397
TSLA,2025-06-04,772.47,766.7,766.65,785.88,2677719
TSLA,2025-06-05,749.62,742.08,728.27,768.23,373444
TSLA,2025-06-06,769.0,767.18,746.09,785.82,2736647
TSLA,2025-06-09,766.57,784.98,754.03,801.13,1913106
TSLA,2025-06-10,764.6,757.9,740.26,782.66,2642087
TSLA,2025-06-11,730.81,717.08,710.5,744.38,2880202
TSLA,2025-06-12,730.94,714.69,696.94,732.27,2114956
TSLA,2025-06-13,766.33,750.55,742.13,779.1,3164355
TSLA,2025-06-16,741.44,721.85,718.16,759.1,3317922
TSLA,2025-06-17,746.48,758.3,734.65,761.28,2344575
TSLA,2025-06-18,733.16,726.75,718.03,739.8,3124895
TSLA,2025-06-19,736.5,741.08,723.65,763.2,1188844
TSLA,2025-06-20,730.12,717.83,707.43,733.4,2890946
TSLA,2025-06-23,765.63,769.36,754.79,786.77,2954922
TSLA,2025-06-24,744.76,762.94,738.64,767.05,343785
TSLA,2025-06-25,731.21,752.97,712.4,760.26,1236274
TSLA,2025-06-26,733.48,735.79,712.87,743.18,391524
AMZN,2025-03-28,3370.14,3374.83,3304.3,3437.09,3272009
AMZN,2025-03-31,3385.51,3423.23,3305.74,3516.44,1187905
AMZN,2025-04-01,3307.14,3300.93,3287.73,3345.19,1040323
AMZN,2025-04-02,3401.47,3430.95,3317.4,3531.17,815051
AMZN,2025-04-03,3440.94,3373.69,3354.97,3479.25,1240334
AMZN,2025-04-04,3494.71,3594.17,3474.84,3640.02,2772253
AMZN,2025-04-07,3320.43,3290.65,3241.05,3366.14,1059289
AMZN,2025-04-08,3316.51,3276.13,3223.14,3375.79,463491
AMZN,2025-04-09,3378.24,3342.89,3326.98,3446.36,441831
AMZN,2025-04-10,3496.21,3540.21,3449.34,3618.85,2327708
AMZN,2025-04-11,3380.24,3285.71,3276.98,3471.22,3412307
AMZN,2025-04-14,3397.55,3378.82,3317.22,3412.95,1980487
AMZN,2025-04-15,3433.77,3513.5,3372.04,3519.12,2346648
AMZN,2025-04-16,3349.63,3263.16,3197.75,3390.46,748945
AMZN,2025-04-17,3319.0,3402.77,3315.17,3419.33,2437864
AMZN,2025-04-18,3350.9,3258.53,3197.85,3363.71,3843969
AMZN,2025-04-21,3448.64,3508.98,3445.05,3559.65,657325
AMZN,2025-04-22,3359.12,3410.73,3300.1,3492.15,310745
AMZN,2025-04-23,3335.34,3235.76,3171.1,3366.37,3736925
AMZN,2025-04-24,3399.22,3459.28,3376.04,3552.77,809688
AMZN,2025-04-25,3428.21,3414.04,3401.96,3481.53,532870
AMZN,2025-04-28,3322.01,3369.56,3236.16,3470.47,665284
AMZN,2025-04-29,3320.36,3251.62,3178.15,3325.56,3199632
AMZN,2025-04-30,3315.53,3338.54,3299.16,3421.91,1232097
AMZN,2025-05-01,3417.88,3349.77,3260.85,3468.79,2882809
AMZN,2025-05-02,3381.51,3305.83,3296.46,3411.01,2960801
AMZN,2025-05-05,3408.4,3421.86,3399.72,3501.58,323303
AMZN,2025-05-06,3440.52,3404.35,3369.45,3452.69,410122
AMZN,2025-05-07,3426.57,3485.59,3354.82,3497.42,2826724
AMZN,2025-05-08,3429.46,3335.3,3286.47,3474.41,3994366
AMZN,2025-05-09,3319.4,3398.53,3271.29,3480.77,1142834
AMZN,2025-05-12,3338.63,3264.03,3183.65,3389.5,1712059
AMZN,2025-05-13,3313.64,3338.69,3229.65,3378.51,1084092
AMZN,2025-05-14,3436.55,3460.3,3366.5,3519.48,3303987
AMZN,2025-05-15,3489.86,3483.05,3480.73,3580.83,2322107
AMZN,2025-05-16,3437.65,3536.48,3419.62,3566.62,2372661
AMZN,2025-05-19,3395.78,3433.19,3345.23,3516.79,3343489
AMZN,2025-05-20,3493.88,3450.57,3402.0,3545.76,3287394
AMZN,2025-05-21,3301.3,3203.69,3143.6,3397.56,1869166
AMZN,2025-05-22,3471.03,3520.28,3452.45,3550.96,1618271
AMZN,2025-05-23,3408.13,3458.37,3309.75,3480.71,2267737
AMZN,2025-05-26,3323.72,3295.46,3202.39,3366.42,3214349
AMZN,2025-05-27,3407.59,3497.38,3370.7,3566.89,3562099
AMZN,2025-05-28,3431.74,3382.49,3378.62,3504.66,3451784
AMZN,2025-05-29,3365.88,3449.14,3345.62,3503.77,503835
AMZN,2025-05-30,3388.77,3389.2,3342.58,3417.17,2986414
AMZN,2025-06-02,3480.99,3579.92,3401.8,3686.8,1500375
AMZN,2025-06-03,3395.62,3343.94,3269.56,3454.22,1372430
AMZN,2025-06-04,3379.15,3374.67,3279.77,3397.63,287665
AMZN,2025-06-05,3413.33,3430.0,3408.73,3498.26,2015788
AMZN,2025-06-06,3298.04,3326.83,3264.29,3369.15,3630641
AMZN,2025-06-09,3499.08,3533.24,3493.64,3569.84,2424721
AMZN,2025-06-10,3382.52,3363.97,3309.19,3435.24,771863
AMZN,2025-06-11,3450.58,3406.81,3390.89,3524.26,1286165
AMZN,2025-06-12,3486.65,3546.76,3417.72,3634.27,3041229
AMZN,2025-06-13,3334.96,3425.0,3306.17,3470.31,1407923
AMZN,2025-06-16,3484.23,3455.73,3448.77,3558.64,950852
AMZN,2025-06-17,3498.02,3541.74,3480.4,3601.27,2584823
AMZN,2025-06-18,3407.2,3339.99,3283.81,3477.4,519112
AMZN,2025-06-19,3394.36,3412.69,3363.3,3417.94,3427566
AMZN,2025-06-20,3441.37,3410.72,3339.68,3525.63,760609
AMZN,2025-06-23,3416.01,3376.24,3292.61,3515.17,3816631
AMZN,2025-06-24,3427.1,3346.65,3313.37,3449.08,3615305
AMZN,2025-06-25,3309.89,3307.38,3227.71,3364.25,1320583
AMZN,2025-06-26,3375.38,3318.83,3282.81,3475.77,2544748
META,2025-03-28,343.41,347.75,341.34,352.3,3206228
META,2025-03-31,343.11,335.43,334.99,345.67,1633525
META,2025-04-01,345.27,343.65,334.58,349.87,406410
META,2025-04-02,340.99,342.39,334.4,348.5,250843
META,2025-04-03,348.03,344.88,340.67,353.15,2751204
META,2025-04-04,347.59,351.8,337.22,362.01,3465286
META,2025-04-07,347.74,349.43,345.39,349.77,3169050
META,2025-04-08,335.19,328.85,321.24,345.23,1435891
META,2025-04-09,341.11,333.69,325.22,345.7,2377235
META,2025-04-10,338.96,331.26,327.03,348.63,3202446
META,2025-04-11,340.61,334.85,329.52,341.93,3013287
META,2025-04-14,340.85,345.76,335.21,345.91,3162193
META,2025-04-15,340.93,335.74,334.36,350.12,2985415
META,2025-04-16,346.78,345.33,340.3,351.95,2613900
META,2025-04-17,331.37,321.77,320.06,333.18,1456326
META,2025-04-18,333.57,324.13,320.8,338.15,941037
META,2025-04-21,341.56,351.55,331.52,352.49,1766007
META,2025-04-22,343.9,350.07,341.01,359.94,1056247
META,2025-04-23,344.65,349.96,337.89,353.49,3471028
META,2025-04-24,336.69,330.83,321.35,346.43,3733081
META,2025-04-25,332.38,328.65,323.31,334.48,2714275
META,2025-04-28,342.2,352.16,332.18,358.8,974548
META,2025-04-29,338.03,336.78,335.14,346.14,2055129
META,2025-04-30,343.26,350.59,336.56,353.74,1440795
META,2025-05-01,335.74,332.67,326.52,337.45,1837756
META,2025-05-02,349.98,344.76,338.36,356.21,1467168
META,2025-05-05,332.45,337.24,326.39,345.44,1552887
META,2025-05-06,343.11,348.17,336.05,350.34,3930222
META,2025-05-07,335.55,336.99,331.01,343.22,1768754
META,2025-05-08,345.64,347.94,343.73,357.1,914461
META,2025-05-09,333.89,327.9,324.09,336.46,1540769
META,2025-05-12,331.56,334.38,322.01,335.82,3566106
META,2025-05-13,338.97,338.13,329.09,343.55,2987109
META,2025-05-14,342.86,333.93,330.05,346.43,513268
META,2025-05-15,334.48,342.82,324.46,349.77,3581445
META,2025-05-16,332.47,338.56,327.81,339.32,3131245
META,2025-05-19,336.68,336.31,333.37,344.06,1388960
META,2025-05-20,350.07,356.14,342.63,358.96,2052983
META,2025-05-21,336.59,330.2,323.82,339.68,3996993
META,2025-05-22,334.35,327.64,327.55,339.49,2879257
META,2025-05-23,330.97,330.7,325.48,331.39,772805
META,2025-05-26,337.81,328.9,320.73,341.77,3053152
META,2025-05-27,348.5,339.44,336.72,355.36,2377431
META,2025-05-28,340.25,344.1,338.56,347.26,3323570
META,2025-05-29,349.38,345.99,341.89,352.11,904109
META,2025-05-30,344.17,350.08,338.12,360.35,3411019
META,2025-06-02,333.17,341.24,330.92,351.15,578894
META,2025-06-03,349.56,343.4,340.57,352.21,3968818
META,2025-06-04,345.82,344.43,335.37,356.06,862372
META,2025-06-05,335.6,326.85,318.87,342.26,2214516
META,2025-06-06,331.67,327.75,319.35,337.45,1437167
META,2025-06-09,332.06,325.43,316.44,337.95,455211
META,2025-06-10,342.5,336.64,328.23,350.18,1649329
META,2025-06-11,348.15,353.46,346.08,361.68,3700405
META,2025-06-12,337.79,345.37,331.21,346.85,572656
META,2025-06-13,337.13,342.27,336.13,350.08,2390212
META,2025-06-16,340.23,339.35,337.84,341.14,787403
META,2025-06-17,336.14,329.82,322.46,342.82,3052967
META,2025-06-18,336.37,328.26,324.84,345.33,1159709
META,2025-06-19,334.04,339.15,328.01,347.44,2797015
META,2025-06-20,337.61,340.51,333.33,341.03,1431576
META,2025-06-23,344.03,334.6,333.34,348.44,3054886
META,2025-06-24,334.63,330.4,328.24,339.84,3360364
META,2025-06-25,346.96,340.83,340.83,355.2,3572632
META,2025-06-26,342.84,346.04,339.34,352.68,1059009
NFLX,2025-03-28,497.22,512.13,482.44,519.11,2447231
NFLX,2025-03-31,487.52,483.19,479.01,497.73,3334542
NFLX,2025-04-01,495.75,481.37,469.87,496.86,3072819
NFLX,2025-04-02,499.72,488.38,480.69,501.69,3607191
NFLX,2025-04-03,513.76,499.77,485.04,520.41,3407465
NFLX,2025-04-04,489.54,492.76,485.99,494.13,3674703
NFLX,2025-04-07,498.72,510.07,498.25,521.2,1411488
NFLX,2025-04-08,495.38,495.4,491.36,508.07,3237175
NFLX,2025-04-09,511.68,497.72,491.9,514.12,2297443
NFLX,2025-04-10,500.52,503.09,492.08,504.22,950058
NFLX,2025-04-11,500.48,499.93,487.69,506.64,2830855
NFLX,2025-04-14,514.45,523.58,508.94,538.02,2588787
NFLX,2025-04-15,498.73,512.21,487.55,522.17,619380
NFLX,2025-04-16,505.38,497.84,486.6,517.47,3978982
NFLX,2025-04-17,488.87,475.32,472.74,497.41,628879
NFLX,2025-04-18,488.84,492.87,481.24,499.44,3932274
NFLX,2025-04-21,487.62,474.0,461.82,493.97,2722493
NFLX,2025-04-22,489.73,481.52,477.38,500.99,1451469
NFLX,2025-04-23,501.67,490.62,478.89,507.2,503584
NFLX,2025-04-24,508.07,518.57,496.2,528.09,2726547
NFLX,2025-04-25,507.95,502.53,490.64,519.72,2092733
NFLX,2025-04-28,486.94,496.35,479.04,496.88,1468478
NFLX,2025-04-29,508.89,514.56,501.26,520.75,3404153
NFLX,2025-04-30,514.23,503.4,494.64,525.84,652813
NFLX,2025-05-01,505.57,516.48,496.41,526.83,1186609
NFLX,2025-05-02,496.91,489.6,488.88,509.46,3525277
NFLX,2025-05-05,510.66,498.54,488.13,522.89,2739952
NFLX,2025-05-06,496.82,505.7,487.45,509.65,864195
NFLX,2025-05-07,503.12,508.26,492.57,520.64,3423297
NFLX,2025-05-08,500.19,500.06,489.87,512.2,821520
NFLX,2025-05-09,508.09,512.09,502.48,524.05,1048379
NFLX,2025-05-12,491.06,477.98,473.4,498.23,2677762
NFLX,2025-05-13,490.36,493.85,487.42,495.98,1723123
NFLX,2025-05-14,501.16,515.79,496.26,523.84,2175172
NFLX,2025-05-15,502.39,493.24,486.17,508.73,853636
NFLX,2025-05-16,493.74,488.23,487.14,499.25,1188737
NFLX,2025-05-19,510.88,519.81,497.75,528.35,3372061
NFLX,2025-05-20,513.16,498.18,487.48,521.42,2110742
NFLX,2025-05-21,485.07,475.24,475.05,493.08,2924340
NFLX,2025-05-22,506.75,495.66,494.96,521.81,527950
NFLX,2025-05-23,510.74,520.54,510.73,528.87,1279682
NFLX,2025-05-26,511.33,506.41,504.58,520.02,2254531
NFLX,2025-05-27,502.56,495.82,485.0,503.8,2166900
NFLX,2025-05-28,507.19,515.21,502.44,523.1,1609988
NFLX,2025-05-29,499.32,508.26,497.59,520.44,912183
NFLX,2025-05-30,504.36,517.13,503.06,528.48,561000
NFLX,2025-06-02,489.72,480.24,473.72,504.07,969601
NFLX,2025-06-03,511.07,500.22,496.22,517.53,1648553
NFLX,2025-06-04,485.72,476.66,467.24,498.6,1628748
NFLX,2025-06-05,497.5,510.49,490.35,522.25,2380266
NFLX,2025-06-06,490.3,479.61,473.71,503.1,1633010
NFLX,2025-06-09,497.6,491.74,479.53,501.49,3721993
NFLX,2025-06-10,499.64,497.67,493.89,508.29,1143995
NFLX,2025-06-11,489.82,475.39,470.33,491.55,3680973
NFLX,2025-06-12,500.94,494.2,492.46,512.42,1617125
NFLX,2025-06-13,486.31,484.73,477.75,494.21,3324958
NFLX,2025-06-16,487.73,499.24,473.39,502.92,2712221
NFLX,2025-06-17,502.86,515.45,495.93,522.6,782837
NFLX,2025-06-18,489.69,502.19,477.52,502.2,691172
NFLX,2025-06-19,492.68,491.34,488.02,505.22,2043627
NFLX,2025-06-20,497.6,502.51,496.34,513.54,1094980
NFLX,2025-06-23,490.47,486.68,473.32,502.22,816075
NFLX,2025-06-24,504.4,490.99,488.31,516.18,428720
NFLX,2025-06-25,511.76,507.36,503.18,524.91,797836
NFLX,2025-06-26,510.38,518.1,495.09,531.13,3017217
NVDA,2025-03-28,799.02,803.39,775.36,813.14,3970138
NVDA,2025-03-31,789.85,798.78,785.68,810.83,2954923
NVDA,2025-04-01,811.39,804.89,786.26,823.17,1857501
NVDA,2025-04-02,809.69,831.31,801.77,854.13,1114562
NVDA,2025-04-03,798.67,788.89,776.65,804.86,427847
NVDA,2025-04-04,798.92,793.49,781.41,811.5,3091465
NVDA,2025-04-07,802.8,818.24,796.35,833.74,3313803
NVDA,2025-04-08,805.11,802.23,782.01,810.21,1342488
NVDA,2025-04-09,803.35,822.15,785.34,841.98,2437923
NVDA,2025-04-10,798.77,793.35,782.91,818.56,461862
NVDA,2025-04-11,803.87,808.21,785.96,810.08,219329
NVDA,2025-04-14,821.79,809.91,795.58,827.81,1278223
NVDA,2025-04-15,807.69,814.57,791.12,816.54,2599979
NVDA,2025-04-16,782.76,785.75,780.5,787.15,3431497
NVDA,2025-04-17,788.96,773.25,759.29,804.05,1360404
NVDA,2025-04-18,794.91,774.47,763.35,818.02,3481449
NVDA,2025-04-21,801.47,792.3,777.48,817.62,1347632
NVDA,2025-04-22,800.68,805.69,796.99,817.85,1758271
NVDA,2025-04-23,781.16,797.07,767.86,808.0,1831997
NVDA,2025-04-24,803.91,803.45,783.49,817.51,2776063
NVDA,2025-04-25,817.86,833.82,793.65,834.96,3479587
NVDA,2025-04-28,809.86,798.83,794.44,825.57,2642342
NVDA,2025-04-29,812.1,807.07,799.29,816.43,1454889
NVDA,2025-04-30,799.76,799.05,775.69,815.21,1160360
NVDA,2025-05-01,805.73,785.97,773.17,808.47,3885941
NVDA,2025-05-02,815.85,799.22,778.46,820.55,2112292
NVDA,2025-05-05,821.87,821.7,805.84,845.32,2093155
NVDA,2025-05-06,814.24,821.75,796.68,826.3,2298822
NVDA,2025-05-07,798.46,804.57,796.32,821.6,2490860
NVDA,2025-05-08,784.14,781.78,773.15,793.32,1033527
NVDA,2025-05-09,800.32,806.44,777.68,829.75,1107171
NVDA,2025-05-12,820.41,804.57,802.22,844.78,614767
NVDA,2025-05-13,777.95,780.69,763.14,799.72,2428640
NVDA,2025-05-14,802.78,782.63,760.2,817.06,2347385
NVDA,2025-05-15,791.08,781.6,771.85,800.42,2274875
NVDA,2025-05-16,795.07,793.1,776.68,796.14,2526255
NVDA,2025-05-19,803.54,815.04,787.83,838.18,640456
NVDA,2025-05-20,797.61,773.81,750.75,802.89,2626987
NVDA,2025-05-21,794.59,783.17,780.56,809.09,416903
NVDA,2025-05-22,814.8,835.05,806.17,849.92,631518
NVDA,2025-05-23,802.56,788.55,767.6,817.27,1113786
NVDA,2025-05-26,788.98,811.06,787.26,818.15,1358856
NVDA,2025-05-27,793.85,780.39,762.96,812.83,657804
NVDA,2025-05-28,789.52,795.0,767.5,810.88,1509480
NVDA,2025-05-29,803.72,789.89,773.39,805.86,2096347
NVDA,2025-05-30,818.75,825.51,811.86,834.16,468191
NVDA,2025-06-02,781.9,776.54,755.44,784.38,2381826
NVDA,2025-06-03,794.31,803.86,786.23,816.67,499043
NVDA,2025-06-04,808.64,810.91,799.24,828.55,1217044
NVDA,2025-06-05,803.52,782.55,772.61,811.53,2900723
NVDA,2025-06-06,782.43,804.79,770.65,821.19,470789
NVDA,2025-06-09,803.43,803.37,792.88,806.19,1611115
NVDA,2025-06-10,820.48,841.43,799.19,850.72,2575237
NVDA,2025-06-11,817.82,842.22,803.74,844.52,1828584
NVDA,2025-06-12,789.63,803.43,766.88,816.77,2428038
NVDA,2025-06-13,807.91,811.52,785.12,834.0,2655957
NVDA,2025-06-16,781.05,793.77,769.63,815.28,1065700
NVDA,2025-06-17,776.34,766.73,750.05,798.87,1198028
NVDA,2025-06-18,804.55,827.58,793.47,831.97,1945856
NVDA,2025-06-19,808.21,796.24,787.98,811.74,3647970
NVDA,2025-06-20,791.78,792.92,774.73,798.62,2609764
NVDA,2025-06-23,778.0,793.4,761.05,800.66,1698064
NVDA,2025-06-24,787.67,764.21,749.58,807.32,1482951
NVDA,2025-06-25,794.32,790.26,779.38,803.37,2322508
NVDA,2025-06-26,799.55,823.5,798.77,847.53,607603
BABA,2025-03-28,222.15,224.2,215.65,230.5,2272870
BABA,2025-03-31,214.51,218.46,211.76,220.78,2803959
BABA,2025-04-01,222.09,218.82,213.66,227.01,1543011
BABA,2025-04-02,220.32,225.1,219.05,227.81,2762034
BABA,2025-04-03,219.93,225.94,219.79,232.62,692593
BABA,2025-04-04,219.03,217.36,215.71,220.74,1827709
BABA,2025-04-07,222.97,217.68,215.7,223.31,3809933
BABA,2025-04-08,216.82,214.93,209.74,221.78,1604899
BABA,2025-04-09,216.03,222.09,211.02,222.67,2118464
BABA,2025-04-10,216.67,221.18,210.5,225.01,1177852
BABA,2025-04-11,219.85,220.62,215.68,220.66,1955939
BABA,2025-04-14,223.4,223.1,222.14,223.61,1256744
BABA,2025-04-15,223.11,229.64,217.78,232.9,1183798
BABA,2025-04-16,223.33,226.5,218.25,232.88,2421147
BABA,2025-04-17,219.39,218.09,214.66,225.29,2303017
BABA,2025-04-18,214.65,208.95,205.12,218.71,2066164
BABA,2025-04-21,222.22,216.51,211.5,225.82,1903563
BABA,2025-04-22,217.18,217.5,211.79,220.72,1564135
BABA,2025-04-23,221.5,217.31,215.2,228.11,3989884
BABA,2025-04-24,216.3,214.87,212.32,221.83,1606163
BABA,2025-04-25,219.81,215.43,211.53,225.99,2505927
BABA,2025-04-28,221.76,224.6,220.72,228.77,2412293
BABA,2025-04-29,224.47,221.15,216.64,230.35,3376935
BABA,2025-04-30,216.97,220.5,211.24,224.6,421262
BABA,2025-05-01,219.59,225.62,216.17,226.53,1800187
BABA,2025-05-02,219.52,216.88,210.5,221.18,278462
BABA,2025-05-05,221.04,219.93,218.78,227.58,815824
BABA,2025-05-06,223.73,228.58,220.41,228.83,3943647
BABA,2025-05-07,223.37,229.57,218.73,234.83,992593
BABA,2025-05-08,223.57,218.85,218.51,226.93,325788
BABA,2025-05-09,219.62,218.99,213.21,223.78,2338479
BABA,2025-05-12,224.76,222.38,219.73,225.01,383384
BABA,2025-05-13,223.6,218.35,213.0,226.32,3216525
BABA,2025-05-14,214.04,208.57,203.58,216.01,2532147
BABA,2025-05-15,225.16,218.61,214.3,226.18,2016940
BABA,2025-05-16,216.56,213.48,211.37,218.3,2728069
BABA,2025-05-19,225.36,222.19,219.75,231.26,1742748
BABA,2025-05-20,225.31,229.96,224.93,235.34,839743
BABA,2025-05-21,217.93,223.66,216.48,227.88,3898630
BABA,2025-05-22,223.94,229.85,217.4,230.57,2975240
BABA,2025-05-23,213.93,212.46,208.07,214.41,717846
BABA,2025-05-26,220.17,224.68,215.2,230.53,527225
BABA,2025-05-27,221.63,219.08,213.45,221.68,691657
BABA,2025-05-28,217.34,218.97,211.38,225.0,3773659
BABA,2025-05-29,226.29,223.26,220.13,227.52,710847
BABA,2025-05-30,225.54,219.46,214.53,230.17,480292
BABA,2025-06-02,217.43,216.7,215.35,221.74,1004362
BABA,2025-06-03,213.78,209.0,208.45,217.0,898906
BABA,2025-06-04,220.08,221.44,218.38,227.74,706671
BABA,2025-06-05,222.38,225.34,222.05,228.61,3756171
BABA,2025-06-06,222.44,216.92,212.1,228.28,227274
BABA,2025-06-09,219.39,221.56,217.71,224.31,3484357
BABA,2025-06-10,217.18,218.95,213.92,223.74,930288
BABA,2025-06-11,215.17,212.73,207.54,218.46,848132
BABA,2025-06-12,219.34,223.02,219.15,225.34,1761554
BABA,2025-06-13,218.19,222.28,216.26,226.08,1576273
BABA,2025-06-16,214.62,211.24,206.3,215.33,3958429
BABA,2025-06-17,221.75,219.1,218.83,224.83,2628164
BABA,2025-06-18,219.42,219.68,215.87,222.2,3672285
BABA,2025-06-19,217.71,213.41,212.16,222.29,3851689
BABA,2025-06-20,221.1,218.89,216.3,224.53,1722778
BABA,2025-06-23,218.09,213.1,212.43,223.23,2571771
BABA,2025-06-24,226.07,228.47,223.24,234.93,2613757
BABA,2025-06-25,225.34,223.12,219.99,225.86,1400860
BABA,2025-06-26,226.36,224.08,217.86,227.47,1318378
ORCL,2025-03-28,89.05,88.02,87.83,90.15,1196549
ORCL,2025-03-31,89.81,90.94,87.42,91.39,3705843
ORCL,2025-04-01,88.0,86.49,86.2,90.28,2102912
ORCL,2025-04-02,89.2,88.22,86.12,90.83,3621782
ORCL,2025-04-03,91.49,90.78,88.28,93.77,2578788
ORCL,2025-04-04,89.01,89.45,87.79,90.47,1727053
ORCL,2025-04-07,90.39,88.12,88.1,90.89,3131617
ORCL,2025-04-08,89.8,87.49,86.78,92.09,3391155
ORCL,2025-04-09,90.72,89.36,88.55,92.8,2174533
ORCL,2025-04-10,89.42,87.2,85.36,92.06,617192
ORCL,2025-04-11,88.71,88.58,87.04,90.92,3626315
ORCL,2025-04-14,89.04,90.77,88.62,90.98,462938
ORCL,2025-04-15,90.18,87.73,87.31,92.79,3410980
ORCL,2025-04-16,90.99,92.04,88.37,93.83,3250874
ORCL,2025-04-17,91.94,90.28,89.59,94.25,3562676
ORCL,2025-04-18,87.81,88.26,87.05,88.69,2051028
ORCL,2025-04-21,92.67,91.83,90.69,95.08,3508940
ORCL,2025-04-22,88.42,89.37,87.58,89.64,1032358
ORCL,2025-04-23,89.24,89.51,87.25,90.73,2299924
ORCL,2025-04-24,89.26,89.79,87.53,91.75,3932809
ORCL,2025-04-25,87.81,86.22,84.59,88.33,2242826
ORCL,2025-04-28,89.68,90.2,87.88,92.8,3384530
ORCL,2025-04-29,88.24,86.25,84.85,90.57,1468566
ORCL,2025-04-30,91.67,93.56,90.57,95.88,2893614
ORCL,2025-05-01,90.77,89.69,88.09,93.39,2072295
ORCL,2025-05-02,88.09,88.2,88.02,88.88,2386628
ORCL,2025-05-05,88.05,85.49,85.3,89.99,1885119
ORCL,2025-05-06,87.83,86.78,84.49,87.94,970282
ORCL,2025-05-07,89.71,90.22,88.17,90.27,1821863
ORCL,2025-05-08,92.2,94.07,90.96,94.99,3805649
ORCL,2025-05-09,90.7,90.87,88.17,92.51,257324
ORCL,2025-05-12,87.51,85.73,85.68,88.78,3437467
ORCL,2025-05-13,92.68,95.34,90.53,96.74,3871436
ORCL,2025-05-14,92.66,93.83,92.4,95.48,3329041
ORCL,2025-05-15,92.65,91.97,89.74,95.35,890924
ORCL,2025-05-16,92.46,92.03,91.05,94.06,933396
ORCL,2025-05-19,88.83,91.34,86.89,92.37,2710581
ORCL,2025-05-20,92.11,89.64,89.03,94.84,3488767
ORCL,2025-05-21,89.62,89.95,86.95,91.17,2717001
ORCL,2025-05-22,89.83,90.31,88.89,91.67,2144103
ORCL,2025-05-23,92.06,89.83,89.51,93.17,1337858
ORCL,2025-05-26,90.02,87.47,86.43,90.99,814163
ORCL,2025-05-27,90.39,92.68,88.08,95.42,3828575
ORCL,2025-05-28,92.47,93.69,91.66,95.17,1988768
ORCL,2025-05-29,91.61,91.61,91.17,93.91,2101035
ORCL,2025-05-30,91.3,90.71,90.03,92.69,825552
ORCL,2025-06-02,90.11,91.61,88.73,94.05,2265399
ORCL,2025-06-03,90.27,92.55,88.78,95.13,913092
ORCL,2025-06-04,88.62,87.52,85.14,88.87,789318
ORCL,2025-06-05,87.75,86.06,84.93,88.69,897466
ORCL,2025-06-06,89.0,86.68,85.24,89.17,2956527
ORCL,2025-06-09,89.75,90.11,89.41,92.68,2045272
ORCL,2025-06-10,90.97,90.77,90.28,93.25,245905
ORCL,2025-06-11,87.99,89.04,87.1,89.16,3703184
ORCL,2025-06-12,88.34,87.88,87.74,90.75,1186734
ORCL,2025-06-13,87.57,85.79,84.67,88.07,2451012
ORCL,2025-06-16,90.64,92.9,90.07,93.15,3010914
ORCL,2025-06-17,90.48,90.59,88.17,90.89,3187637
ORCL,2025-06-18,90.81,90.15,89.88,91.89,1152515
ORCL,2025-06-19,91.45,91.55,89.35,94.01,1594751
ORCL,2025-06-20,88.31,90.0,87.15,92.53,3862401
ORCL,2025-06-23,88.95,89.48,87.77,89.76,3462887
ORCL,2025-06-24,88.45,86.79,85.28,89.64,2529764
ORCL,2025-06-25,89.79,90.44,89.11,92.94,2690410
ORCL,2025-06-26,92.46,92.8,90.22,94.11,922065
IBM,2025-03-28,140.48,136.65,136.14,140.84,1816942
IBM,2025-03-31,138.99,140.74,137.49,144.17,2487138
IBM,2025-04-01,137.35,136.18,135.39,137.89,1745648
IBM,2025-04-02,140.82,138.07,135.08,144.17,2372273
IBM,2025-04-03,140.06,144.24,139.83,147.6,1524820
IBM,2025-04-04,141.25,143.09,137.16,146.48,1025630
IBM,2025-04-07,137.33,139.99,136.72,141.12,2632482
IBM,2025-04-08,141.39,143.08,139.08,146.49,883704
IBM,2025-04-09,135.83,137.09,133.99,137.85,3280316
IBM,2025-04-10,143.68,145.07,140.4,145.25,2211713
IBM,2025-04-11,140.07,143.45,139.88,144.9,1616563
IBM,2025-04-14,136.23,134.83,132.79,139.52,3555134
IBM,2025-04-15,135.97,137.54,135.36,139.55,2217882
IBM,2025-04-16,136.06,138.79,133.58,140.24,2075139
IBM,2025-04-17,138.83,136.01,134.85,140.23,3581655
IBM,2025-04-18,138.54,141.77,137.28,142.8,729143
IBM,2025-04-21,136.71,132.88,129.55,138.46,2305945
IBM,2025-04-22,139.78,140.97,136.24,144.8,2040443
IBM,2025-04-23,141.72,143.52,141.01,145.32,1176602
IBM,2025-04-24,141.56,140.3,138.15,143.42,2372222
IBM,2025-04-25,142.28,142.82,141.45,143.31,339442
IBM,2025-04-28,135.96,133.4,130.09,138.67,2904267
IBM,2025-04-29,141.04,144.32,139.04,145.6,548872
IBM,2025-04-30,137.73,139.05,134.87,143.15,614521
IBM,2025-05-01,137.78,136.51,135.06,141.57,1868531
IBM,2025-05-02,141.07,144.64,140.36,146.91,222352
IBM,2025-05-05,142.09,139.96,139.15,142.87,3668478
IBM,2025-05-06,139.08,137.97,135.39,143.06,1220579
IBM,2025-05-07,136.27,137.52,134.11,140.03,3733151
IBM,2025-05-08,143.66,142.13,139.05,144.22,1149366
IBM,2025-05-09,141.92,139.61,136.51,142.64,3378045
IBM,2025-05-12,140.85,141.14,139.96,142.31,545420
IBM,2025-05-13,136.32,132.39,132.02,137.06,439705
IBM,2025-05-14,136.19,138.95,135.53,140.15,1187665
IBM,2025-05-15,140.91,140.46,137.49,142.9,3710362
IBM,2025-05-16,143.46,146.36,142.16,148.17,3440391
IBM,2025-05-19,140.4,143.71,137.02,145.13,1836824
IBM,2025-05-20,139.09,141.86,138.36,145.33,3938316
IBM,2025-05-21,141.66,144.98,139.3,147.26,1598488
IBM,2025-05-22,139.04,142.95,135.84,145.39,3194282
IBM,2025-05-23,143.1,142.63,141.57,143.15,2929696
IBM,2025-05-26,139.7,140.22,137.85,142.8,1761074
IBM,2025-05-27,138.13,137.15,133.06,141.55,1357606
IBM,2025-05-28,143.44,145.79,139.39,149.0,853632
IBM,2025-05-29,143.63,147.52,141.37,150.59,2510143
IBM,2025-05-30,138.89,139.09,135.6,139.58,3545571
IBM,2025-06-02,136.9,137.99,135.75,139.79,2419645
IBM,2025-06-03,136.22,135.26,134.3,136.94,2975128
IBM,2025-06-04,141.55,142.95,138.7,144.68,1224254
IBM,2025-06-05,141.33,142.44,137.67,143.74,2949500
IBM,2025-06-06,135.91,136.52,135.66,139.95,258006
IBM,2025-06-09,143.77,143.61,141.93,146.62,846269
IBM,2025-06-10,136.54,134.36,132.78,138.08,2323550
IBM,2025-06-11,137.65,136.56,132.91,139.18,1401207
IBM,2025-06-12,142.08,144.69,138.16,144.82,3317290
IBM,2025-06-13,137.17,136.97,136.68,137.25,212062
IBM,2025-06-16,139.94,139.28,137.54,142.64,1272771
IBM,2025-06-17,136.86,139.37,134.06,139.43,2463780
IBM,2025-06-18,136.0,138.58,132.11,142.6,1973160
IBM,2025-06-19,143.09,146.21,141.02,147.97,2096234
IBM,2025-06-20,136.18,136.66,132.83,137.06,770698
IBM,2025-06-23,141.18,142.17,140.98,144.23,1729831
IBM,2025-06-24,143.95,141.89,139.89,145.23,1198109
IBM,2025-06-25,137.11,140.09,133.31,142.96,1372104
IBM,2025-06-26,138.0,135.05,131.2,138.68,3516626
INTC,2025-03-28,53.37,52.09,52.07,54.57,1158341
INTC,2025-03-31,54.52,55.88,53.86,56.21,1422509
INTC,2025-04-01,54.24,55.16,53.3,56.71,1854231
INTC,2025-04-02,54.71,54.43,53.52,55.73,3244862
INTC,2025-04-03,54.53,54.78,54.31,55.02,1731556
INTC,2025-04-04,56.63,56.91,55.02,57.97,3215257
INTC,2025-04-07,53.56,52.53,51.63,53.61,550254
INTC,2025-04-08,54.57,54.22,54.0,54.84,3872372
INTC,2025-04-09,54.27,53.82,52.41,55.48,3216071
INTC,2025-04-10,54.79,53.6,52.8,55.24,396322
INTC,2025-04-11,56.47,57.01,56.35,57.11,589455
INTC,2025-04-14,55.8,55.13,54.31,55.8,1946886
INTC,2025-04-15,53.72,54.05,52.6,55.23,2281980
INTC,2025-04-16,56.27,55.24,53.94,56.45,2833429
INTC,2025-04-17,53.44,53.67,53.4,54.66,355346
INTC,2025-04-18,55.56,54.05,53.63,55.93,2955190
INTC,2025-04-21,56.55,57.54,55.22,58.04,599036
INTC,2025-04-22,55.36,56.32,53.86,57.03,2260662
INTC,2025-04-23,55.52,54.0,53.8,56.79,1848435
INTC,2025-04-24,56.62,56.72,55.35,57.91,593682
INTC,2025-04-25,54.13,53.26,51.84,54.59,3281535
INTC,2025-04-28,53.79,52.55,51.4,54.05,467127
INTC,2025-04-29,56.01,57.13,55.6,57.43,3574324
INTC,2025-04-30,54.26,52.91,51.68,55.43,2724699
INTC,2025-05-01,53.94,53.86,52.9,54.1,911874
INTC,2025-05-02,54.14,54.74,53.37,55.92,834665
INTC,2025-05-05,54.05,54.42,52.52,54.96,3686956
INTC,2025-05-06,55.59,56.16,54.29,57.83,1895895
INTC,2025-05-07,53.78,54.9,52.72,55.06,1084459
INTC,2025-05-08,55.83,56.08,54.53,57.11,3564804
INTC,2025-05-09,56.11,57.59,56.03,59.08,1008456
INTC,2025-05-12,54.15,55.53,53.87,55.66,702448
INTC,2025-05-13,55.27,55.33,54.19,56.7,2783616
INTC,2025-05-14,53.58,54.2,53.09,54.74,2053604
INTC,2025-05-15,55.06,54.77,54.6,55.98,3510078
INTC,2025-05-16,54.11,55.34,52.77,56.7,935818
INTC,2025-05-19,53.89,53.2,52.46,55.11,1224499
INTC,2025-05-20,55.12,54.59,53.43,55.84,3351564
INTC,2025-05-21,54.63,53.97,53.03,54.66,3982641
INTC,2025-05-22,53.47,52.87,51.34,54.67,1375611
INTC,2025-05-23,55.75,54.77,54.33,57.09,3063271
INTC,2025-05-26,54.23,53.16,52.43,55.3,1607723
INTC,2025-05-27,55.8,55.18,53.82,56.99,3541622
INTC,2025-05-28,55.32,53.81,53.63,56.26,596175
INTC,2025-05-29,55.84,56.18,54.39,56.21,1493333
INTC,2025-05-30,53.98,54.75,53.11,55.85,1965311
INTC,2025-06-02,55.94,54.57,54.31,57.43,3283403
INTC,2025-06-03,56.1,56.8,55.89,57.73,1589331
INTC,2025-06-04,56.01,55.72,55.71,57.5,3466444
INTC,2025-06-05,55.1,56.14,55.06,56.15,1693646
INTC,2025-06-06,53.73,53.22,52.6,54.78,3634841
INTC,2025-06-09,56.35,56.55,55.25,57.35,1924123
INTC,2025-06-10,56.54,57.2,55.44,58.59,2099457
INTC,2025-06-11,56.4,57.4,55.03,58.96,1144148
INTC,2025-06-12,54.03,54.24,53.08,54.61,2109112
INTC,2025-06-13,55.24,55.81,53.81,57.47,1700489
INTC,2025-06-16,56.13,55.59,55.02,57.45,687019
INTC,2025-06-17,53.99,53.23,51.97,54.91,3069190
INTC,2025-06-18,53.48,54.51,52.02,54.71,2686456
INTC,2025-06-19,53.54,52.61,52.33,53.62,2619402
INTC,2025-06-20,55.32,54.62,53.84,56.48,1780035
INTC,2025-06-23,54.62,56.19,54.2,56.97,2205399
INTC,2025-06-24,56.32,56.83,55.95,58.43,3765504
INTC,2025-06-25,54.1,55.72,53.47,57.01,3783357
INTC,2025-06-26,56.54,57.2,55.28,57.51,3205499
AMD,2025-03-28,103.21,102.61,100.76,104.93,2805177
AMD,2025-03-31,102.94,102.62,102.54,105.24,1295495
AMD,2025-04-01,107.02,108.89,106.73,109.63,2428469
AMD,2025-04-02,107.69,106.23,104.94,107.72,3584615
AMD,2025-04-03,106.35,104.81,103.81,107.92,2967365
AMD,2025-04-04,101.87,99.72,96.75,104.5,1550415
AMD,2025-04-07,106.18,106.08,103.91,106.52,637174
AMD,2025-04-08,103.13,103.85,102.8,105.39,1320747
AMD,2025-04-09,101.92,104.06,99.23,105.51,3568377
AMD,2025-04-10,105.44,107.33,103.36,109.98,203927
AMD,2025-04-11,104.05,106.33,101.46,107.67,2229934
AMD,2025-04-14,102.06,104.94,100.77,107.27,1015013
AMD,2025-04-15,105.18,104.66,104.25,108.3,1725984
AMD,2025-04-16,107.88,104.65,104.49,110.2,252868
AMD,2025-04-17,104.32,102.86,99.93,105.0,3138654
AMD,2025-04-18,108.07,107.74,105.7,110.79,1027445
AMD,2025-04-21,102.02,104.23,101.8,107.07,1263698
AMD,2025-04-22,106.69,106.9,105.74,108.72,2223013
AMD,2025-04-23,104.0,106.38,101.65,106.83,1143309
AMD,2025-04-24,103.31,101.61,98.62,105.74,3529969
AMD,2025-04-25,105.28,106.51,103.7,107.75,1205591
AMD,2025-04-28,103.12,104.49,102.88,105.65,2892370
AMD,2025-04-29,107.4,105.06,104.45,110.21,2208058
AMD,2025-04-30,104.56,105.02,102.98,107.34,3425847
AMD,2025-05-01,105.88,104.69,104.68,108.48,2073860
AMD,2025-05-02,104.57,105.42,102.72,105.93,2282313
AMD,2025-05-05,106.08,104.81,104.34,107.2,400404
AMD,2025-05-06,106.12,106.42,105.25,106.52,1071814
AMD,2025-05-07,102.57,100.43,98.83,104.96,2169210
AMD,2025-05-08,103.42,104.65,102.32,104.76,1552606
AMD,2025-05-09,106.44,105.28,104.49,106.71,3686151
AMD,2025-05-12,104.52,105.42,104.17,106.85,3704378
AMD,2025-05-13,103.9,102.61,99.62,106.9,3411366
AMD,2025-05-14,106.62,105.22,102.08,108.44,3250626
AMD,2025-05-15,105.48,104.87,104.07,107.65,1822889
AMD,2025-05-16,105.69,108.41,105.17,111.63,2289138
AMD,2025-05-19,102.52,103.57,99.63,106.61,1736084
AMD,2025-05-20,104.01,105.8,103.15,107.59,305014
AMD,2025-05-21,103.35,105.59,101.88,105.97,451913
AMD,2025-05-22,106.69,106.23,104.2,109.35,3480324
AMD,2025-05-23,106.12,103.94,101.26,109.23,577107
AMD,2025-05-26,105.87,103.7,103.17,107.1,2676763
AMD,2025-05-27,108.05,105.21,104.1,111.18,253893
AMD,2025-05-28,105.41,105.36,104.17,108.02,3442915
AMD,2025-05-29,103.71,103.37,101.56,105.18,213354
AMD,2025-05-30,105.36,102.28,100.43,105.83,3836050
AMD,2025-06-02,105.58,107.73,104.18,108.71,2954543
AMD,2025-06-03,104.2,107.14,102.07,108.09,1846922
AMD,2025-06-04,103.15,103.14,100.61,104.41,1033660
AMD,2025-06-05,104.19,104.15,102.46,107.24,3602645
AMD,2025-06-06,105.94,103.29,102.54,108.81,3038852
AMD,2025-06-09,106.69,106.96,104.79,109.77,1891489
AMD,2025-06-10,104.24,106.53,103.65,106.62,1562605
AMD,2025-06-11,107.64,109.02,105.51,111.55,3668508
AMD,2025-06-12,103.52,105.78,102.49,107.03,624427
AMD,2025-06-13,105.26,107.21,102.7,108.13,1556382
AMD,2025-06-16,106.57,103.77,101.7,108.87,2714683
AMD,2025-06-17,104.07,105.54,102.22,108.12,3262304
AMD,2025-06-18,105.6,103.72,102.56,107.37,1641442
AMD,2025-06-19,105.28,103.07,101.08,105.84,1652488
AMD,2025-06-20,102.03,99.29,97.08,104.67,547980
AMD,2025-06-23,103.67,104.51,103.58,105.17,2446600
AMD,2025-06-24,103.62,106.39,103.08,109.4,2155547
AMD,2025-06-25,107.54,104.99,102.82,110.38,1374732
AMD,2025-06-26,103.78,106.86,102.46,107.44,895295
PYPL,2025-03-28,189.22,190.14,184.64,192.56,2440749
PYPL,2025-03-31,194.95,194.79,190.67,197.08,2200089
PYPL,2025-04-01,184.68,182.89,179.58,187.23,3189450
PYPL,2025-04-02,184.46,188.96,181.79,192.23,2395415
PYPL,2025-04-03,194.79,197.17,194.03,202.23,789929
PYPL,2025-04-04,195.42,190.61,187.75,200.29,486315
PYPL,2025-04-07,187.44,186.75,185.04,192.88,3845601
PYPL,2025-04-08,193.33,191.27,186.59,198.78,2145695
PYPL,2025-04-09,191.24,194.24,190.49,197.17,1659568
PYPL,2025-04-10,194.99,200.48,192.88,201.97,1875328
PYPL,2025-04-11,188.26,190.11,182.72,193.88,3479899
PYPL,2025-04-14,184.51,182.62,182.34,189.63,1522428
PYPL,2025-04-15,190.81,195.01,188.96,199.53,784544
PYPL,2025-04-16,193.08,198.72,192.88,202.85,3518635
PYPL,2025-04-17,188.09,184.45,183.1,188.73,3349077
PYPL,2025-04-18,185.39,182.99,180.7,188.65,3111207
PYPL,2025-04-21,187.49,183.04,179.6,189.47,3465901
PYPL,2025-04-22,192.81,196.61,187.62,200.75,3684709
PYPL,2025-04-23,194.43,197.13,191.79,199.53,690089
PYPL,2025-04-24,185.29,190.39,179.78,193.61,901524
PYPL,2025-04-25,188.66,193.7,184.06,198.25,511951
PYPL,2025-04-28,192.73,195.76,192.24,196.68,1697688
PYPL,2025-04-29,187.2,188.57,182.67,192.18,3483015
PYPL,2025-04-30,193.29,194.14,189.71,194.72,3846942
PYPL,2025-05-01,188.52,186.1,184.94,193.96,698110
PYPL,2025-05-02,188.8,187.25,182.9,191.94,2392684
PYPL,2025-05-05,186.93,185.42,182.12,188.91,992377
PYPL,2025-05-06,191.64,189.26,186.97,194.87,2356259
PYPL,2025-05-07,187.93,186.12,185.08,190.12,268256
PYPL,2025-05-08,185.62,182.78,182.06,187.13,2586264
PYPL,2025-05-09,195.65,192.2,190.14,195.82,3316756
PYPL,2025-05-12,186.23,181.03,177.94,190.75,3492937
PYPL,2025-05-13,187.14,188.52,182.95,189.3,1264881
PYPL,2025-05-14,187.33,186.12,183.11,192.54,2997178
PYPL,2025-05-15,185.55,183.44,182.69,188.27,3528253
PYPL,2025-05-16,195.29,199.37,190.98,203.7,1101049
PYPL,2025-05-19,185.73,184.86,179.38,186.63,1548822
PYPL,2025-05-20,190.79,187.94,186.95,193.03,659299
PYPL,2025-05-21,193.29,197.37,189.07,197.73,736381
PYPL,2025-05-22,190.96,188.73,188.09,196.22,1604538
PYPL,2025-05-23,189.43,187.53,182.4,190.52,2863516
PYPL,2025-05-26,193.32,194.36,190.83,199.72,2811324
PYPL,2025-05-27,189.85,189.22,185.65,193.48,1158320
PYPL,2025-05-28,186.4,191.1,184.51,193.03,1206462
PYPL,2025-05-29,191.2,192.6,185.92,195.98,217416
PYPL,2025-05-30,186.14,181.93,177.05,188.19,340141
PYPL,2025-06-02,192.51,192.92,190.14,195.7,3130664
PYPL,2025-06-03,189.19,192.61,188.99,196.02,2299819
PYPL,2025-06-04,190.43,195.61,187.36,201.04,3345503
PYPL,2025-06-05,186.12,189.46,182.63,193.22,3840249
PYPL,2025-06-06,188.2,190.87,188.17,191.07,1809406
PYPL,2025-06-09,189.16,186.23,184.38,193.16,775207
PYPL,2025-06-10,184.87,186.5,180.47,189.19,2168197
PYPL,2025-06-11,190.22,188.39,185.8,192.73,3705679
PYPL,2025-06-12,191.43,192.62,188.88,195.22,1230848
PYPL,2025-06-13,188.77,183.96,182.26,193.72,3021828
PYPL,2025-06-16,187.42,187.37,183.92,192.09,3907844
PYPL,2025-06-17,193.22,189.24,188.26,196.83,3563517
PYPL,2025-06-18,188.34,191.38,183.8,191.84,3578464
PYPL,2025-06-19,185.87,183.37,179.89,186.83,1934772
PYPL,2025-06-20,193.44,192.92,188.3,196.77,2956698
PYPL,2025-06-23,187.72,185.64,180.82,192.95,2363713
PYPL,2025-06-24,187.39,192.52,185.6,194.39,1632241
PYPL,2025-06-25,184.52,181.35,176.87,184.55,1881186
PYPL,2025-06-26,195.04,190.33,187.22,198.4,3415803
UBER,2025-03-28,44.76,44.87,44.04,45.33,3398873
UBER,2025-03-31,45.75,47.08,44.8,47.08,432377
UBER,2025-04-01,45.74,44.73,43.43,46.85,1184912
UBER,2025-04-02,44.62,44.49,44.12,44.71,2642439
UBER,2025-04-03,44.7,43.94,43.27,45.45,619874
UBER,2025-04-04,44.99,45.12,44.39,46.03,1560632
UBER,2025-04-07,45.14,45.32,44.69,46.4,3952403
UBER,2025-04-08,44.73,44.08,42.95,45.35,235748
UBER,2025-04-09,46.18,45.16,44.0,46.72,3176517
UBER,2025-04-10,45.29,44.58,43.43,45.95,2559444
UBER,2025-04-11,46.17,47.07,45.31,48.47,3496104
UBER,2025-04-14,44.54,45.05,43.57,45.25,2295626
UBER,2025-04-15,44.8,45.47,44.42,45.7,978349
UBER,2025-04-16,46.13,46.74,45.84,47.42,3640625
UBER,2025-04-17,46.19,45.55,44.72,47.32,1030470
UBER,2025-04-18,44.31,43.38,43.14,45.26,782427
UBER,2025-04-21,44.81,45.77,43.79,47.09,219551
UBER,2025-04-22,46.19,45.06,43.89,46.88,2552075
UBER,2025-04-23,44.27,45.5,43.79,46.63,924169
UBER,2025-04-24,44.7,44.61,43.56,44.97,1330052
UBER,2025-04-25,43.95,44.25,42.88,45.04,1203146
UBER,2025-04-28,45.06,43.72,43.12,45.07,3667444
UBER,2025-04-29,44.63,43.62,43.14,45.59,2687547
UBER,2025-04-30,44.69,43.79,42.62,45.41,540661
UBER,2025-05-01,44.7,45.28,44.31,45.96,1114289
UBER,2025-05-02,46.17,46.22,45.51,46.9,1723693
UBER,2025-05-05,44.63,45.92,44.5,46.68,1893617
UBER,2025-05-06,45.18,45.27,44.33,45.57,3604259
UBER,2025-05-07,44.45,45.05,44.44,45.72,3626063
UBER,2025-05-08,44.59,44.42,43.98,45.91,565709
UBER,2025-05-09,44.85,45.3,44.84,45.32,3667888
UBER,2025-05-12,46.27,47.62,45.72,48.99,3782005
UBER,2025-05-13,43.97,43.63,43.44,44.23,2199859
UBER,2025-05-14,44.46,43.64,43.3,44.73,2172932
UBER,2025-05-15,45.05,43.96,42.73,46.38,737909
UBER,2025-05-16,45.22,44.09,42.86,45.38,2191897
UBER,2025-05-19,45.14,44.06,42.76,46.12,2321395
UBER,2025-05-20,44.9,46.19,43.57,46.31,3644450
UBER,2025-05-21,45.47,46.16,44.93,46.69,842533
UBER,2025-05-22,46.06,47.12,44.7,47.33,2111927
UBER,2025-05-23,43.95,42.71,41.85,44.58,2378398
UBER,2025-05-26,44.76,43.71,42.88,45.36,1146486
UBER,2025-05-27,45.24,46.12,44.47,46.35,3349029
UBER,2025-05-28,45.46,45.64,44.89,45.87,1721914
UBER,2025-05-29,45.34,44.55,44.49,45.95,1447440
UBER,2025-05-30,44.47,43.25,42.45,45.55,1744795
UBER,2025-06-02,44.5,43.7,43.27,44.62,934628
UBER,2025-06-03,44.94,44.72,44.26,45.16,2545221
UBER,2025-06-04,44.47,44.99,44.36,45.62,3379369
UBER,2025-06-05,44.27,44.79,43.34,45.91,1178466
UBER,2025-06-06,45.01,46.22,44.53,46.3,1410055
UBER,2025-06-09,44.69,45.01,43.36,46.15,528317
UBER,2025-06-10,46.33,45.96,44.87,47.35,3414988
UBER,2025-06-11,43.91,44.77,42.9,45.53,2135371
UBER,2025-06-12,45.62,46.78,45.21,47.99,1765229
UBER,2025-06-13,45.76,46.23,45.56,46.92,3936926
UBER,2025-06-16,44.12,44.37,43.44,45.49,3807987
UBER,2025-06-17,44.61,44.32,43.74,45.36,1067879
UBER,2025-06-18,46.03,44.67,44.53,47.4,3045976
UBER,2025-06-19,45.84,45.71,44.79,46.96,877906
UBER,2025-06-20,43.87,43.9,43.61,45.01,2360928
UBER,2025-06-23,45.29,44.91,43.81,46.11,3695587
UBER,2025-06-24,45.42,45.44,44.46,45.74,1654381
UBER,2025-06-25,45.33,44.3,44.17,46.04,1204413
UBER,2025-06-26,45.39,44.34,43.38,45.98,2089425
LYFT,2025-03-28,25.13,24.4,24.31,25.61,2863792
LYFT,2025-03-31,25.6,25.41,24.97,26.25,3028442
LYFT,2025-04-01,24.35,24.11,24.11,24.6,1436510
LYFT,2025-04-02,24.98,25.65,24.36,25.95,2936746
LYFT,2025-04-03,25.45,25.28,24.92,26.06,2565447
LYFT,2025-04-04,24.25,24.24,23.8,24.64,1973138
LYFT,2025-04-07,24.62,24.23,23.66,25.31,1417447
LYFT,2025-04-08,25.08,24.99,24.96,25.38,3707985
LYFT,2025-04-09,25.69,25.95,25.27,26.15,1893040
LYFT,2025-04-10,24.78,25.02,24.27,25.4,762768
LYFT,2025-04-11,25.45,25.84,25.01,26.14,3315493
LYFT,2025-04-14,24.89,25.21,24.55,25.71,511550
LYFT,2025-04-15,24.58,24.92,24.12,25.02,3389400
LYFT,2025-04-16,25.35,25.52,24.72,25.8,1743928
LYFT,2025-04-17,24.93,24.21,24.0,25.57,780056
LYFT,2025-04-18,24.39,24.11,24.01,25.07,491408
LYFT,2025-04-21,24.69,24.47,24.14,24.97,1234577
LYFT,2025-04-22,25.47,25.1,24.93,26.05,361785
LYFT,2025-04-23,24.63,25.13,24.35,25.17,3817323
LYFT,2025-04-24,24.99,24.44,24.0,25.51,2565142
LYFT,2025-04-25,25.26,25.36,24.83,25.9,320327
LYFT,2025-04-28,25.63,25.39,25.37,25.7,1148521
LYFT,2025-04-29,24.94,24.71,24.67,25.48,2072734
LYFT,2025-04-30,25.44,25.91,25.33,26.4,254989
LYFT,2025-05-01,24.9,25.44,24.34,25.74,1567774
LYFT,2025-05-02,24.46,24.06,23.92,24.68,2236055
LYFT,2025-05-05,24.45,24.34,23.77,24.77,893723
LYFT,2025-05-06,24.95,25.67,24.93,26.33,3355279
LYFT,2025-05-07,24.83,25.23,24.57,25.95,3869029
LYFT,2025-05-08,24.8,24.2,23.48,24.97,2838198
LYFT,2025-05-09,25.25,24.66,24.41,25.33,2552800
LYFT,2025-05-12,25.35,25.78,24.97,26.09,3863808
LYFT,2025-05-13,25.18,25.84,24.86,26.6,2507573
LYFT,2025-05-14,24.33,25.0,23.66,25.71,849181
LYFT,2025-05-15,25.11,25.6,24.63,25.72,1846271
LYFT,2025-05-16,24.4,24.54,24.33,24.93,1690669
LYFT,2025-05-19,25.05,25.6,24.65,26.34,856970
LYFT,2025-05-20,24.83,24.65,24.51,24.98,2235902
LYFT,2025-05-21,25.34,25.36,25.16,25.61,668895
LYFT,2025-05-22,25.56,25.19,24.74,26.05,3127999
LYFT,2025-05-23,24.48,24.71,24.04,24.91,669778
LYFT,2025-05-26,25.44,25.78,25.21,26.29,1205736
LYFT,2025-05-27,25.24,24.53,23.87,25.69,2438163
LYFT,2025-05-28,24.48,24.13,23.61,25.0,2912826
LYFT,2025-05-29,24.91,24.77,24.33,25.09,3211963
LYFT,2025-05-30,25.64,25.44,25.31,26.03,516816
LYFT,2025-06-02,24.33,24.78,23.66,25.14,2627456
LYFT,2025-06-03,25.03,24.51,24.27,25.58,1906532
LYFT,2025-06-04,25.22,25.11,24.77,25.5,3153373
LYFT,2025-06-05,24.49,24.08,23.56,25.06,1741326
LYFT,2025-06-06,25.61,26.08,25.51,26.14,3505019
LYFT,2025-06-09,24.66,25.23,24.49,25.9,3938585
LYFT,2025-06-10,24.86,24.4,24.38,24.89,2077070
LYFT,2025-06-11,25.54,26.16,24.94,26.59,867115
LYFT,2025-06-12,24.58,23.85,23.23,24.93,3705289
LYFT,2025-06-13,24.5,24.3,24.16,25.12,2018775
LYFT,2025-06-16,25.65,24.99,24.27,25.75,3175455
LYFT,2025-06-17,24.79,24.13,23.42,24.83,3076062
LYFT,2025-06-18,24.58,24.98,23.9,25.3,2803686
LYFT,2025-06-19,25.34,25.42,24.86,25.56,2098768
LYFT,2025-06-20,24.98,24.9,24.47,25.45,2971590
LYFT,2025-06-23,25.66,26.29,25.18,26.84,1283434
LYFT,2025-06-24,25.08,24.47,24.17,25.33,2878349
LYFT,2025-06-25,25.55,25.58,25.47,25.83,2650943
LYFT,2025-06-26,25.26,25.63,24.55,26.0,3695163
DIS,2025-03-28,179.96,181.62,175.27,181.94,2636827
DIS,2025-03-31,184.79,188.4,182.62,190.32,3529919
DIS,2025-04-01,177.88,175.85,173.98,180.93,1037003
DIS,2025-04-02,181.66,176.93,175.44,183.92,1041680
DIS,2025-04-03,179.3,176.41,174.44,183.97,1462985
DIS,2025-04-04,177.34,175.3,175.01,182.61,3998943
DIS,2025-04-07,182.61,186.77,180.34,191.47,386320
DIS,2025-04-08,184.18,189.7,183.51,193.4,1841544
DIS,2025-04-09,184.21,189.61,178.86,192.31,3581947
DIS,2025-04-10,178.34,180.11,177.87,181.34,2170994
DIS,2025-04-11,175.15,178.73,170.24,183.86,1391526
DIS,2025-04-14,185.13,184.93,179.85,189.6,2630359
DIS,2025-04-15,174.8,170.1,169.34,176.94,3031326
DIS,2025-04-16,182.82,181.79,177.25,185.46,1650663
DIS,2025-04-17,184.84,188.04,181.51,193.01,2087629
DIS,2025-04-18,185.08,185.96,179.65,191.11,1604356
DIS,2025-04-21,182.3,178.3,174.7,185.84,2423882
DIS,2025-04-22,183.61,185.2,180.35,187.17,442060
DIS,2025-04-23,181.69,176.95,173.72,186.83,3155297
DIS,2025-04-24,178.83,175.01,173.04,181.33,231354
DIS,2025-04-25,184.9,179.67,174.72,189.62,1718675
DIS,2025-04-28,183.18,180.79,176.38,188.34,3278212
DIS,2025-04-29,180.77,184.82,178.3,189.17,1648710
DIS,2025-04-30,178.47,179.26,177.29,181.47,2100704
DIS,2025-05-01,184.32,184.12,179.96,188.35,1078826
DIS,2025-05-02,183.44,181.84,179.3,187.12,2415800
DIS,2025-05-05,180.82,177.57,174.91,184.48,1533386
DIS,2025-05-06,175.14,172.13,171.91,179.82,3513014
DIS,2025-05-07,178.94,181.2,177.23,184.91,1109439
DIS,2025-05-08,180.7,180.72,178.37,182.46,1859078
DIS,2025-05-09,178.95,174.89,173.09,183.12,687638
DIS,2025-05-12,179.54,176.47,171.65,180.91,917684
DIS,2025-05-13,181.19,181.1,180.31,185.23,2392872
DIS,2025-05-14,178.51,181.68,174.66,184.08,2056881
DIS,2025-05-15,183.47,184.69,183.26,184.79,2606592
DIS,2025-05-16,181.57,176.25,176.09,185.11,933251
DIS,2025-05-19,177.1,181.67,173.72,183.55,3317759
DIS,2025-05-20,177.63,182.23,172.6,186.87,792869
DIS,2025-05-21,180.08,180.29,175.34,181.97,3683168
DIS,2025-05-22,184.91,184.4,180.44,190.39,3344734
DIS,2025-05-23,184.87,183.19,181.08,187.75,2233516
DIS,2025-05-26,183.67,182.22,181.59,189.05,3323445
DIS,2025-05-27,178.36,180.04,174.22,184.23,3657678
DIS,2025-05-28,183.72,183.72,180.93,188.5,1176271
DIS,2025-05-29,183.12,185.07,181.88,185.79,1174731
DIS,2025-05-30,179.75,181.02,176.76,182.5,2215455
DIS,2025-06-02,178.62,175.32,172.67,180.17,3752682
DIS,2025-06-03,178.88,181.04,177.26,182.64,2740251
DIS,2025-06-04,179.91,182.27,179.71,186.56,2003028
DIS,2025-06-05,180.67,179.35,179.14,181.67,1532281
DIS,2025-06-06,178.94,181.37,176.29,185.15,3478013
DIS,2025-06-09,176.46,180.95,176.14,185.86,1530718
DIS,2025-06-10,178.19,178.93,177.32,181.18,560805
DIS,2025-06-11,176.57,174.28,173.22,180.36,2848214
DIS,2025-06-12,176.32,173.55,171.15,176.46,3246666
DIS,2025-06-13,177.72,174.7,173.82,177.94,3950378
DIS,2025-06-16,176.51,178.41,173.68,182.55,2847425
DIS,2025-06-17,182.61,179.73,178.6,183.55,1447713
DIS,2025-06-18,175.76,172.58,168.06,180.82,1844619
DIS,2025-06-19,179.98,184.31,179.65,189.33,3174136
DIS,2025-06-20,175.83,174.91,173.54,178.68,2571232
DIS,2025-06-23,176.87,173.92,171.4,179.74,630080
DIS,2025-06-24,177.38,174.94,170.51,179.43,787947
DIS,2025-06-25,179.98,184.13,179.71,187.05,1758662
DIS,2025-06-26,182.83,179.05,174.85,186.23,3563625
SONY,2025-03-28,115.79,116.07,113.31,117.68,2582971
SONY,2025-03-31,117.1,118.71,116.66,121.42,600805
SONY,2025-04-01,113.97,115.24,113.24,116.06,1352661
SONY,2025-04-02,112.38,111.93,109.35,114.53,3567465
SONY,2025-04-03,113.45,111.37,108.47,115.63,1859284
SONY,2025-04-04,115.22,113.95,113.73,117.97,349776
SONY,2025-04-07,112.03,113.58,111.88,116.76,990096
SONY,2025-04-08,111.59,111.53,111.38,112.18,3654618
SONY,2025-04-09,117.79,119.44,117.18,121.16,455252
SONY,2025-04-10,115.59,113.75,111.3,118.81,2685328
SONY,2025-04-11,116.61,120.06,115.44,120.33,701373
SONY,2025-04-14,116.88,118.17,116.8,119.02,3514987
SONY,2025-04-15,114.17,116.01,111.05,116.83,2215081
SONY,2025-04-16,115.64,114.52,111.69,115.77,1669546
SONY,2025-04-17,112.31,113.84,111.03,114.94,989876
SONY,2025-04-18,116.96,117.75,114.89,119.91,1489988
SONY,2025-04-21,117.35,117.79,116.16,118.56,3607155
SONY,2025-04-22,115.76,113.29,110.36,116.25,3770197
SONY,2025-04-23,114.95,116.44,113.17,118.8,1494489
SONY,2025-04-24,115.21,117.17,113.28,118.26,268813
SONY,2025-04-25,114.01,112.44,111.65,115.72,2469157
SONY,2025-04-28,115.6,115.85,115.23,117.24,1629368
SONY,2025-04-29,115.14,112.16,109.04,116.88,3000474
SONY,2025-04-30,116.4,118.12,115.91,121.44,3161588
SONY,2025-05-01,114.16,115.73,112.72,117.85,3431169
SONY,2025-05-02,113.68,113.68,111.44,116.53,774664
SONY,2025-05-05,113.97,112.92,110.68,115.3,220327
SONY,2025-05-06,117.89,115.29,112.86,118.32,980921
SONY,2025-05-07,116.81,114.35,112.63,118.88,2446566
SONY,2025-05-08,114.9,115.79,113.6,117.28,3642485
SONY,2025-05-09,113.43,114.53,113.17,115.0,2340824
SONY,2025-05-12,112.5,110.87,107.83,113.76,326286
SONY,2025-05-13,115.18,117.68,112.38,120.02,1843938
SONY,2025-05-14,114.6,111.28,111.24,116.32,1357945
SONY,2025-05-15,115.24,116.02,112.56,118.55,2071693
SONY,2025-05-16,116.31,113.22,111.87,118.33,1229299
SONY,2025-05-19,114.03,113.03,112.12,116.68,1146357
SONY,2025-05-20,112.37,111.23,108.21,115.31,538535
SONY,2025-05-21,111.89,113.46,110.8,114.72,3935660
SONY,2025-05-22,111.9,112.78,109.01,112.87,1644185
SONY,2025-05-23,115.4,117.17,112.46,117.67,3734979
SONY,2025-05-26,113.91,116.46,113.43,118.99,3342561
SONY,2025-05-27,117.21,120.06,116.81,120.17,834321
SONY,2025-05-28,114.93,114.55,111.57,116.84,512812
SONY,2025-05-29,113.43,111.87,108.99,115.25,762471
SONY,2025-05-30,114.64,116.51,113.73,119.45,560409
SONY,2025-06-02,112.87,109.86,109.64,113.12,3896009
SONY,2025-06-03,114.37,111.27,110.71,116.9,945367
SONY,2025-06-04,114.44,113.97,113.59,116.72,1134459
SONY,2025-06-05,111.72,111.55,110.31,114.81,937554
SONY,2025-06-06,118.25,118.37,116.07,121.5,3767179
SONY,2025-06-09,115.8,112.7,111.79,116.24,2541395
SONY,2025-06-10,112.65,110.15,109.34,114.23,969495
SONY,2025-06-11,117.75,116.84,116.48,118.22,2323785
SONY,2025-06-12,114.47,115.78,113.94,118.79,2183024
SONY,2025-06-13,114.64,111.85,109.73,116.53,1740240
SONY,2025-06-16,116.05,117.55,113.81,120.07,3623289
SONY,2025-06-17,115.82,117.98,113.27,120.16,2059686
SONY,2025-06-18,116.1,118.19,115.83,121.62,689048
SONY,2025-06-19,115.61,116.03,112.3,119.2,1111315
SONY,2025-06-20,115.53,112.32,110.54,116.94,1700555
SONY,2025-06-23,116.97,113.51,112.62,119.51,2532910
SONY,2025-06-24,117.67,119.26,115.3,122.04,1862376
SONY,2025-06-25,116.86,114.5,113.45,119.05,2826716
SONY,2025-06-26,113.65,110.69,107.69,113.73,3362146
ADBE,2025-03-28,501.12,505.12,494.79,519.07,312799
ADBE,2025-03-31,507.77,492.61,482.66,514.91,3471909
ADBE,2025-04-01,525.1,530.73,515.14,539.17,452415
ADBE,2025-04-02,515.6,507.98,495.29,520.74,2558054
ADBE,2025-04-03,496.4,504.42,485.87,508.83,690345
ADBE,2025-04-04,498.98,506.94,487.79,507.26,1947892
ADBE,2025-04-07,519.34,532.25,510.25,539.13,1046874
ADBE,2025-04-08,517.02,516.82,515.63,528.91,1947633
ADBE,2025-04-09,499.64,484.79,483.27,506.38,2598785
ADBE,2025-04-10,499.03,489.01,486.28,503.94,1667142
ADBE,2025-04-11,523.21,510.8,499.73,523.33,3679758
ADBE,2025-04-14,509.61,499.32,494.89,523.96,2961964
ADBE,2025-04-15,499.56,501.88,495.35,514.14,2439896
ADBE,2025-04-16,511.88,520.53,499.57,532.75,830062
ADBE,2025-04-17,513.36,497.98,497.61,522.32,402043
ADBE,2025-04-18,508.16,500.62,495.17,513.38,2158475
ADBE,2025-04-21,524.49,519.33,514.21,532.38,2608825
ADBE,2025-04-22,515.04,508.94,508.14,519.91,1014133
ADBE,2025-04-23,502.69,488.1,475.75,512.99,1513738
ADBE,2025-04-24,515.53,500.22,486.02,522.17,2030662
ADBE,2025-04-25,505.73,491.31,481.25,518.38,2021749
ADBE,2025-04-28,512.37,502.28,501.01,527.15,3679096
ADBE,2025-04-29,513.85,520.56,511.91,532.04,1860502
ADBE,2025-04-30,508.55,499.04,498.79,511.78,399245
ADBE,2025-05-01,524.2,530.65,522.54,539.24,904124
ADBE,2025-05-02,523.43,538.23,518.75,543.78,2375956
ADBE,2025-05-05,512.14,526.93,503.78,537.18,925686
ADBE,2025-05-06,499.89,487.89,478.18,513.73,2550651
ADBE,2025-05-07,499.43,501.61,489.21,508.73,1933022
ADBE,2025-05-08,504.6,517.87,503.37,521.72,1344396
ADBE,2025-05-09,509.55,503.09,494.81,522.82,3024818
ADBE,2025-05-12,510.94,519.3,495.71,533.43,2906446
ADBE,2025-05-13,497.72,500.36,492.98,501.61,1505879
ADBE,2025-05-14,523.57,528.93,513.24,541.55,395127
ADBE,2025-05-15,496.21,502.37,495.77,515.35,1167408
ADBE,2025-05-16,509.61,516.85,496.62,522.15,907894
ADBE,2025-05-19,524.74,539.46,522.96,539.68,1457762
ADBE,2025-05-20,516.83,522.76,502.64,534.87,3414434
ADBE,2025-05-21,509.49,520.78,506.12,528.52,545938
ADBE,2025-05-22,519.55,524.92,518.7,533.46,568295
ADBE,2025-05-23,521.92,510.79,509.67,536.05,1367109
ADBE,2025-05-26,508.5,513.74,499.93,527.76,2587461
ADBE,2025-05-27,520.32,520.89,510.99,525.36,874787
ADBE,2025-05-28,496.19,489.16,478.19,511.04,2375855
ADBE,2025-05-29,513.6,520.99,507.27,534.03,3038603
ADBE,2025-05-30,514.14,519.63,507.84,525.19,2543146
ADBE,2025-06-02,516.91,511.27,498.85,523.15,698296
ADBE,2025-06-03,497.92,484.05,477.45,509.98,1418918
ADBE,2025-06-04,524.96,518.03,510.78,534.96,642040
ADBE,2025-06-05,499.91,492.1,487.18,510.49,3225635
ADBE,2025-06-06,506.42,520.88,501.18,531.36,3681316
ADBE,2025-06-09,524.89,537.53,523.67,544.6,2379486
ADBE,2025-06-10,522.97,509.98,507.39,523.52,3829433
ADBE,2025-06-11,497.84,483.44,477.41,512.49,1614531
ADBE,2025-06-12,521.83,523.6,512.47,533.71,1584494
ADBE,2025-06-13,506.14,500.01,499.78,518.95,321246
ADBE,2025-06-16,497.53,489.81,486.88,508.2,921676
ADBE,2025-06-17,498.6,503.54,486.85,507.94,2928113
ADBE,2025-06-18,499.23,495.14,480.36,512.11,639869
ADBE,2025-06-19,517.25,530.11,508.55,542.9,3130498
ADBE,2025-06-20,513.53,526.17,505.93,540.19,1713531
ADBE,2025-06-23,523.54,508.04,493.49,532.28,1756292
ADBE,2025-06-24,517.02,518.16,513.19,524.23,1705006
ADBE,2025-06-25,516.08,513.26,511.97,516.48,3963959
ADBE,2025-06-26,502.97,489.12,480.46,507.62,460678
SAP,2025-03-28,133.66,130.6,127.57,134.14,1209263
SAP,2025-03-31,133.37,137.02,131.74,140.5,3310486
SAP,2025-04-01,126.86,126.9,124.51,128.09,1508174
SAP,2025-04-02,127.37,130.0,124.61,132.66,1560691
SAP,2025-04-03,126.84,129.94,126.47,132.33,295613
SAP,2025-04-04,133.02,132.91,129.94,135.47,3380180
SAP,2025-04-07,130.58,133.53,129.61,136.64,3374393
SAP,2025-04-08,128.61,129.44,128.58,130.94,1734390
SAP,2025-04-09,126.5,126.35,125.68,126.61,1731592
SAP,2025-04-10,126.5,128.61,123.96,129.9,3327362
SAP,2025-04-11,129.5,125.92,122.41,129.63,2659512
SAP,2025-04-14,133.84,130.89,127.01,136.59,3168943
SAP,2025-04-15,129.89,129.74,126.09,130.52,1983798
SAP,2025-04-16,126.24,126.12,123.56,128.47,2303225
SAP,2025-04-17,131.82,130.44,129.38,132.52,2637418
SAP,2025-04-18,130.76,128.99,126.2,134.16,2035536
SAP,2025-04-21,127.04,124.11,122.7,128.45,744088
SAP,2025-04-22,130.55,133.27,129.17,134.17,1192253
SAP,2025-04-23,129.76,129.69,129.19,130.76,2269194
SAP,2025-04-24,127.19,125.5,124.53,130.08,2141479
SAP,2025-04-25,130.48,132.73,128.57,136.36,1668827
SAP,2025-04-28,126.43,124.32,120.69,129.43,3624138
SAP,2025-04-29,130.38,132.88,127.75,134.84,3687291
SAP,2025-04-30,131.93,128.48,127.42,133.81,539812
SAP,2025-05-01,132.41,132.6,128.59,135.59,3574115
SAP,2025-05-02,132.34,131.86,128.38,135.88,1049709
SAP,2025-05-05,128.11,130.95,125.8,134.05,2927010
SAP,2025-05-06,131.17,134.64,128.77,137.11,1040149
SAP,2025-05-07,129.85,132.41,127.13,133.07,3034577
SAP,2025-05-08,129.23,128.18,125.91,129.38,1297958
SAP,2025-05-09,126.72,125.12,123.44,129.14,3094680
SAP,2025-05-12,128.7,129.87,126.41,129.91,2978784
SAP,2025-05-13,132.14,132.18,130.85,134.25,764827
SAP,2025-05-14,127.71,125.6,122.92,128.07,1839625
SAP,2025-05-15,131.24,133.48,128.14,135.08,210038
SAP,2025-05-16,129.34,130.52,128.94,131.02,2529457
SAP,2025-05-19,129.14,125.46,123.56,131.7,298872
SAP,2025-05-20,131.89,130.48,130.24,134.45,2970808
SAP,2025-05-21,130.57,126.98,125.96,130.94,829617
SAP,2025-05-22,130.83,132.23,128.32,133.43,905096
SAP,2025-05-23,131.88,134.35,131.5,134.82,1004551
SAP,2025-05-26,127.8,129.88,127.61,132.25,826255
SAP,2025-05-27,127.54,125.93,123.14,130.0,3305602
SAP,2025-05-28,126.69,123.98,121.3,129.09,3279742
SAP,2025-05-29,126.31,129.77,124.01,130.43,1941460
SAP,2025-05-30,126.54,125.98,124.69,127.24,2643728
SAP,2025-06-02,131.03,128.67,125.3,134.58,416387
SAP,2025-06-03,128.8,130.22,125.48,132.44,2810021
SAP,2025-06-04,133.88,131.07,130.32,137.49,600975
SAP,2025-06-05,129.14,129.87,129.11,131.55,1597456
SAP,2025-06-06,132.35,132.96,129.81,136.28,206204
SAP,2025-06-09,129.59,132.54,129.51,136.21,3029147
SAP,2025-06-10,127.0,129.57,126.02,130.13,1501344
SAP,2025-06-11,133.02,135.42,130.69,136.94,530710
SAP,2025-06-12,127.98,129.86,126.2,131.15,3740399
SAP,2025-06-13,131.14,128.79,126.58,131.36,572652
SAP,2025-06-16,133.61,130.1,127.06,136.51,1362297
SAP,2025-06-17,130.2,127.43,126.55,132.9,2523124
SAP,2025-06-18,126.58,123.74,121.34,127.41,2384853
SAP,2025-06-19,133.72,134.21,132.04,135.72,1628430
SAP,2025-06-20,127.09,124.53,123.09,127.15,3498907
SAP,2025-06-23,133.47,130.27,127.72,137.26,2715922
SAP,2025-06-24,128.9,129.61,126.46,131.86,2313198
SAP,2025-06-25,129.7,131.66,128.79,132.53,3035303
SAP,2025-06-26,129.46,128.34,125.16,133.13,2759433
